id_,date,week,hour,store_name,current_popular,business_distinct_code,business_area_code
ChIJS1TPDq2lfDURmwOS5a-VQME,2019-12-5,1,23:00:00,Coffee Buy Roasters,0,R,1001480
ChIJH1qeCheefDURKJVB0fwMpXU,2019-12-5,1,23:00:00,녹원BYC,43,R,1001418
ChIJw00VJvadfDURUSvgXSrOWNA,2019-12-5,1,23:00:00,이마트 에브리데이 개봉점,0,R,1001421
ChIJGZmBb4qdfDURgWVz_oM-Mqw,2019-12-5,1,23:00:00,투썸플레이스오류역점,0,R,1001422
ChIJbSlq2zSgfDURnnmkXNX2sD8,2019-12-5,1,23:00:00,홈플러스익스프레스 남성점,0,R,1001450
ChIJC6tcxPyefDURetUuiSwbTJ4,2019-12-5,1,23:00:00,부엉이맥주집,0,R,1001430
ChIJe8e-fPuefDURMskY-KDtHx8,2019-12-5,1,23:00:00,Starbucks,0,R,1001430
ChIJkYLVYvuefDURpay0tBo5dqs,2019-12-5,1,23:00:00,Shinsegae Department Store - Yeongdeungpo Branch,0,R,1001430
ChIJsWzPYvuefDUROMYxdn8m8xA,2019-12-5,1,23:00:00,캘빈클라인 언더웨어 신세계백화점 영등포점,0,R,1001430
ChIJsWzPYvuefDURZpZgXUA5UBk,2019-12-5,1,23:00:00,캘빈클라인 진 신세계백화점 영등포점,0,R,1001430
ChIJS8EhouKefDURRjk3s-98OSA,2019-12-5,1,23:00:00,하이모 영등포지점,0,R,1001430
ChIJqV1GXvyefDURxZQlblBCagk,2019-12-5,1,23:00:00,고려당 롯데영등포점,0,R,1001430
ChIJt0BDX_yefDUR_faHUc4ys8E,2019-12-5,1,23:00:00,베스띠벨리롯데영등포점,0,R,1001430
ChIJxV0U9vyefDURMw1ZJpIyIvI,2019-12-5,1,23:00:00,Lotte Department Store Yeongdeungpo,0,R,1001430
ChIJ_VOCWfuefDURW2W-IFFMTiA,2019-12-5,1,23:00:00,다이소 영등포본점,0,R,1001430
ChIJt0BDX_yefDUROLDq9xKDdEs,2019-12-5,1,23:00:00,블랙앤화이트롯데영등포점,0,R,1001430
ChIJRS47b_yefDUREjqJVI-QNOk,2019-12-5,1,23:00:00,이즈나나 롯데백화점 영등포점,0,R,1001430
ChIJqV1GXvyefDURzGhrTIrMcsA,2019-12-5,1,23:00:00,인디안롯데영등포점,0,R,1001430
ChIJe6ydYPyefDURRHQt4L6S5Ac,2019-12-5,1,23:00:00,캘빈클라인 진 롯데백화점 영등포점,0,R,1001430
ChIJt0BDX_yefDURcSadqVLmLIs,2019-12-5,1,23:00:00,MCM롯데영등포점,0,R,1001430
ChIJszWMBeWffDURpAFQjwTuOXg,2019-12-5,1,23:00:00,아트몬스터 영등포점,0,R,1001430
ChIJqV1GXvyefDURCeU5YsVn5gA,2019-12-5,1,23:00:00,중앙약국,0,R,1001430
ChIJW7lTX_yefDURtEIZt54qROA,2019-12-5,1,23:00:00,나이키 롯데영등포점,0,R,1001430
ChIJUaOwXfuefDURLoqqIwW1zMQ,2019-12-5,1,23:00:00,예산피제이경방타임스퀘어,0,R,1001430
ChIJzyfiXuOefDURPP_UR9e2hzs,2019-12-5,1,23:00:00,Beautiful Store Yeongdeungpo,0,R,1001430
ChIJIYYwXPuefDUR8PvSLK21bX8,2019-12-5,1,23:00:00,E-Mart Yeongdeungpo Branch,0,R,1001430
ChIJRwIIpvuefDURF4i65diMf6Q,2019-12-5,1,23:00:00,"KYOBO Book Centre, Yeongdeungpo",0,R,1001430
ChIJBcw-EtyffDURLAH6jQuYfGU,2019-12-5,1,23:00:00,홀리카홀리카 이마트 영등포점,0,R,1001430
ChIJzw1EGouffDUR3Vd4rDv2QIw,2019-12-5,1,23:00:00,영등포 전자담배 베이프로 Vapero,0,R,1001430
ChIJ50psXvyefDURw5NzFufktKA,2019-12-5,1,23:00:00,포숑 롯데영등포점,0,R,1001430
ChIJr51AX_yefDURFH1tGvCPMEE,2019-12-5,1,23:00:00,스프리스 롯데영등포점,0,R,1001430
ChIJ0w5DX_yefDURdQtzh4qBXAk,2019-12-5,1,23:00:00,엘르골프 롯데영등포점,0,R,1001430
ChIJr51AX_yefDURZeax1ijUEO0,2019-12-5,1,23:00:00,맨스타 롯데영등포,0,R,1001430
ChIJ0w5DX_yefDURWoxeZfrb1qU,2019-12-5,1,23:00:00,NEPA 롯데영등포점,0,R,1001430
ChIJqV1GXvyefDUR-CVEGO8_0CQ,2019-12-5,1,23:00:00,예스 롯데영등포점,0,R,1001430
ChIJt3iSL3WhfDUR1qs3f81Hzv0,2019-12-5,1,23:00:00,중앙할인마트 봉천점,0,R,1001457
ChIJrfAE4zyZfDURmJ9rmPHctdE,2019-12-5,1,23:00:00,다농마트 상암점,0,R,1001393
ChIJxzV7B3iifDURJ1PDWqymQ64,2019-12-5,1,23:00:00,The CRAFT,0,R,1001385
ChIJozS28cSYfDURk3pWr1Bz4sk,2019-12-5,1,23:00:00,Homi Art Shop,0,R,1001387
ChIJMZDvqCiZfDURN4Xauo5INx4,2019-12-5,1,23:00:00,다이소 망원점 ダイソー daiso,0,R,1001390
ChIJeaF70yWZfDURq9vm7SiAP0o,2019-12-5,1,23:00:00,아가방 망원,0,R,1001391
ChIJA6Vdxce_fDURQHHqdipnSPk,2019-12-5,1,23:00:00,도깨비시장 형제닭집,0,R,1001364
ChIJkfLXPOSjfDURNRnT5Lc2FA8,2019-12-5,1,23:00:00,원광한약국,0,R,1001471
ChIJv3YjwvivfDURNuD4EYgW0Js,2019-12-5,1,23:00:00,시장약국,0,R,1001488
ChIJS4tHvle6fDURGKhNTn4qnsE,2019-12-5,1,23:00:00,애터미atomy,0,R,1001330
ChIJY0eLGKi8fDURwV7D6F73AjQ,2019-12-5,1,23:00:00,우리약국,0,R,1001314
ChIJrdTioaq7fDUR6gr7lqncfno,2019-12-5,1,23:00:00,7-Eleven,0,R,1001320
ChIJzfLbDfWifDURnJvO-r-c3tk,2019-12-5,1,23:00:00,서울원아동복,0,R,1001273
ChIJWeC7jPSifDURzixegUEDcIM,2019-12-5,1,23:00:00,Paris Baguette Cafe,0,R,1001273
ChIJOwaWjPSifDURq6OwG3B7nmg,2019-12-5,1,23:00:00,SONY서비스센터 남대문점,0,R,1001273
ChIJsSfkAvSifDUR_flOoSPmbZI,2019-12-5,1,23:00:00,Shinsegae Duty Free,0,R,1001273
ChIJRaHeqfaifDURk7rYwufXWjw,2019-12-5,1,23:00:00,Paul Bassett,0,R,1001273
ChIJeT3PAvSifDUR48kbxGiIWcs,2019-12-5,1,23:00:00,Arc'teryx Shinsegae Main Store,0,R,1001273
ChIJscmpVfGifDUR2KXdnTmzErw,2019-12-5,1,23:00:00,Biotem,0,R,1001273
ChIJnckPVvGifDURagV9mH-SrE4,2019-12-5,1,23:00:00,adidas Originals Shop-in-Shop Seoul Shinsegae Myungdong,0,R,1001273
ChIJdZGPbfSifDUR-ZWrFAMwcWU,2019-12-5,1,23:00:00,다이소 남대문시장점,0,R,1001273
ChIJjVbbJfSifDURbFH-qsMUktA,2019-12-5,1,23:00:00,Starbucks,0,R,1001273
ChIJ_XPyXCOjfDURI2iMHXWG8KM,2019-12-5,1,23:00:00,우림인터내셔널,0,R,1001276
ChIJ8T7vpDyjfDURtXEg_scLkE0,2019-12-5,1,23:00:00,NO BRAND,0,R,1001276
ChIJG_kFt72ifDURBbw5dG9tHiU,2019-12-5,1,23:00:00,Hyoja Bakery,0,R,1001264
ChIJT4ufVy-jfDURp7uVlPNYDKE,2019-12-5,1,23:00:00,세븐일레븐,0,R,1001268
ChIJoekAMDaifDURrtiKlFG2-7A,2019-12-5,1,23:00:00,Fila flagship,0,R,1001291
ChIJDRZbJTaifDURMUPXrBAI0Is,2019-12-5,1,23:00:00,QUEEN EXPORT,14,R,1001291
ChIJ-_Kgf-2ifDURBgoGideqLsA,2019-12-5,1,23:00:00,Itaewon Market,0,R,1001291
ChIJl6gnyEiifDURLSvt0GmFNLA,2019-12-5,1,23:00:00,더부스 경리단점 (The Booth Gyeonglidan),0,R,1001292
ChIJDW1Ht0iifDUR5u11segN7d4,2019-12-5,1,23:00:00,The Bakers Table,0,R,1001292
ChIJqRibBMe8fDURB9-mcLSDQHw,2019-12-5,1,23:00:00,Lotte Super dongsomun points,0,R,1001338
ChIJP9SWZwehfDUR9kGYFqtovj0,2019-12-5,1,23:00:00,Starbucks,0,D,1001034
ChIJ81vs4KmhfDURmPQxSXfYyJw,2019-12-5,1,23:00:00,현석주얼리,0,D,1001034
ChIJ25C-F7KmfDURPjE0kcYRi1E,2019-12-5,1,23:00:00,GS25 도곡점,0,D,1001035
ChIJDfGIHqGffDURarh8HEJlVsM,2019-12-5,1,23:00:00,파리바게뜨 신대방삼거리역점,0,D,1001072
ChIJteU-CKGffDURl-0FhK6FWW8,2019-12-5,1,23:00:00,시간을들이다 상도동본점,0,D,1001072
ChIJdZYFV6CffDURZkLbNrvXSiU,2019-12-5,1,23:00:00,빽다방 신대방삼거리점,0,D,1001072
ChIJQZTs22ihfDUREbAEg7SCFQE,2019-12-5,1,23:00:00,달무티 교대점,0,D,1001063
ChIJXSpCv2ihfDURT8HxTqwYYGU,2019-12-5,1,23:00:00,CU 삼풍중앙점,0,D,1001063
ChIJvT2aWmihfDURJPgKhqJlW-A,2019-12-5,1,23:00:00,파리크라상 교대점,0,D,1001063
ChIJo52D32ihfDURxAT-ooW6B64,2019-12-5,1,23:00:00,Seven Bricks Coffee,0,D,1001063
ChIJhVJwV2ihfDURflfnv_k1jio,2019-12-5,1,23:00:00,LOTTE Premium Food Market (LOTTE Super Seocho),0,D,1001063
ChIJpyEJVGihfDURxUWbLW3V1fY,2019-12-5,1,23:00:00,No Brand,0,D,1001063
ChIJwYM0eECefDURh8ZAuFjjQic,2019-12-5,1,23:00:00,오휘 구로지사,42,D,1001064
ChIJGzrYh6ihfDUREFW2UmD1U4k,2019-12-5,1,23:00:00,한성자동차(주),0,D,1001125
ChIJb91uHs-dfDURGaaVPBVpRr8,2019-12-5,1,23:00:00,다이소 신정네거리점 ダイソー daiso,0,D,1001126
ChIJs9SlX3qkfDURHD4m0FVnMWc,2019-12-5,1,23:00:00,백작바이피렌체 본점 청담,0,D,1001129
ChIJJZGi5XqkfDUR7hcvj_Mq-YQ,2019-12-5,1,23:00:00,STAUDIO,0,D,1001129
ChIJTdVnGHukfDURgVZDsdeFXdI,2019-12-5,1,23:00:00,미니스톱 청담점,0,D,1001133
ChIJPQSiNTyffDUR9K76DSLqVBM,2019-12-5,1,23:00:00,Olive Young,0,D,1001134
ChIJf1IvP-ujfDURriB-Yp3rF8Y,2019-12-5,1,23:00:00,DECIEM The Abnormal Beauty Company,0,D,1001135
ChIJL6OFO-ujfDURotBW0uP1Jj4,2019-12-5,1,23:00:00,아이코스 스토어 가로수길점,0,D,1001135
ChIJ29yPWuujfDURHZMKYWGLEFs,2019-12-5,1,23:00:00,VILLAGE 11 FACTORY,0,D,1001135
ChIJ1-RKFOujfDURI_4OlIJWCVU,2019-12-5,1,23:00:00,Rapha Seoul Clubhouse,0,D,1001135
ChIJt-YxMeujfDUR-pPjzM6-Iwk,2019-12-5,1,23:00:00,3CE CINEMA (stylenanda),0,D,1001135
ChIJp4EIJeujfDURpB1tJCLTGJY,2019-12-5,1,23:00:00,GENTLE MONSTER PARALLEL,0,D,1001135
ChIJLW4iVeujfDURE4y8olTf4EY,2019-12-5,1,23:00:00,Villa Soohyang Seoul,0,D,1001135
ChIJX-NKPJOjfDURopwFpMS8u9w,2019-12-5,1,23:00:00,Zara,0,D,1001135
ChIJPx7lv5SjfDUR-Sd4NkD4whQ,2019-12-5,1,23:00:00,Åland,0,D,1001135
ChIJRxWJ9eqjfDURlD2G08_bhiE,2019-12-5,1,23:00:00,PAZ PEACE CAKE shop,0,D,1001135
ChIJay6hO-2jfDURjmO-YFvkfog,2019-12-5,1,23:00:00,Lotte Hi-Mart Apgujeong,0,D,1001135
ChIJseGTPO2jfDURolT6xFLRSl4,2019-12-5,1,23:00:00,마세라티 강남서비스센터,0,D,1001135
ChIJF3d2tpOjfDUR2YGX-IfaaXY,2019-12-5,1,23:00:00,Hanscake(Apgujeong),0,D,1001135
ChIJJ67JGJOjfDURajKhsolRVY4,2019-12-5,1,23:00:00,ENTARO COFFEE COMPANY,0,D,1001135
ChIJ4SNlWJKjfDURd6xG2_GD5Yg,2019-12-5,1,23:00:00,Patio 42,0,D,1001135
ChIJxd_nR5KjfDURWodb88rshXY,2019-12-5,1,23:00:00,Tom N Toms Coffee,0,D,1001135
ChIJRWiABJOjfDUR4dwGseKsf0U,2019-12-5,1,23:00:00,나연한복,5,D,1001135
ChIJLyk3uOujfDURQAOzWAmXoxo,2019-12-5,1,23:00:00,Garosu Brewing Company,0,D,1001135
ChIJZ42rKpOjfDURSPWtpKqBs_E,2019-12-5,1,23:00:00,프로젝트 프로덕트 (PROJEKT PRODUKT),0,D,1001135
ChIJ446xn-yjfDURVVCxKKN1r8Q,2019-12-5,1,23:00:00,Scuro,0,D,1001135
ChIJA-nV1YujfDURDXVy8luGJKk,2019-12-5,1,23:00:00,Boaenna,5,D,1001135
ChIJVRvTlJSjfDURuUxIW70vr7U,2019-12-5,1,23:00:00,MANGO,0,D,1001135
ChIJTzEDmpSjfDURuQxHdYkduXA,2019-12-5,1,23:00:00,CU,5,D,1001135
ChIJxav0O2mjfDURm4saDht7rw4,2019-12-5,1,23:00:00,Mang-Go,5,D,1001135
ChIJky3yOuujfDURg-6TuvZcidE,2019-12-5,1,23:00:00,GENTLE MONSTER SINSA FLAGSHIP STORE,0,D,1001135
ChIJZdtYZuujfDUROXiByn4g4Vs,2019-12-5,1,23:00:00,Dore Dore,0,D,1001135
ChIJXYdUyJSjfDURgbPQbtuXw0s,2019-12-5,1,23:00:00,Zara Home,0,D,1001135
ChIJy_UUQJKjfDURwYrmugi66j8,2019-12-5,1,23:00:00,스타벅스 압구정미소점,0,D,1001135
ChIJ6bTEzqqmfDURdJVs40gCo2c,2019-12-5,1,23:00:00,Filter Space in Seoul Dr Jart Flagship Store,0,D,1001135
ChIJcRJqmuyjfDURC9ndoyDK45g,2019-12-5,1,23:00:00,BASSANG(바생),5,D,1001135
ChIJxxKZGO2jfDURMP_ts7sVWYs,2019-12-5,1,23:00:00,"Volvo Exhibition Centre (Shinsa, Gangnam branch)",0,D,1001135
ChIJJy4X4ZKjfDURbZYs59OA45g,2019-12-5,1,23:00:00,Aleutti,5,D,1001135
ChIJubri4JKjfDURMVzK-Svazc8,2019-12-5,1,23:00:00,Yulitta,5,D,1001135
ChIJoVkidpSifDURz7dskBGDoeg,2019-12-5,1,23:00:00,B. Patisserie,0,D,1001135
ChIJDVtdCnmkfDUROtns_WAdMt4,2019-12-5,1,23:00:00,메이앤리,0,D,1001138
ChIJwzk6d3mkfDURL1tTQIKSybk,2019-12-5,1,23:00:00,Suitsupply Seoul,0,D,1001138
ChIJ682M83ekfDURoIxAwbdHIO8,2019-12-5,1,23:00:00,Resolver Cigar Bar & Cigar Shop,0,D,1001138
ChIJ2ZZV03ukfDUR57MtlSCJIdQ,2019-12-5,1,23:00:00,브라이덜 공/bridalkong,0,D,1001138
ChIJnah07nekfDUR0iSXqAn5Eho,2019-12-5,1,23:00:00,GUILLAUME,0,D,1001138
ChIJn17RU3ikfDUR0MFP_wFFHx0,2019-12-5,1,23:00:00,CHROME HEARTS,0,D,1001138
ChIJZUjBYHmkfDURoL38ntzcqt4,2019-12-5,1,23:00:00,Casa del Vino,0,D,1001138
ChIJz-cz73mkfDUR-o5tB9xl0V8,2019-12-5,1,23:00:00,메종레브,0,D,1001138
ChIJzRPM_4ujfDURn9FzCGO9k_c,2019-12-5,1,23:00:00,마이도우터스웨딩,0,D,1001138
ChIJeYR2dnmkfDURLbMixPu6zoE,2019-12-5,1,23:00:00,Bape Chungdam,0,D,1001138
ChIJrccHecGffDURcpX2CGDHtOs,2019-12-5,1,23:00:00,AGGUN(에이지건),0,D,1001139
ChIJ1VSV-I2jfDUR9ChvyDg94e4,2019-12-5,1,23:00:00,A Twosome Place,0,D,1001140
ChIJzR4reZKjfDURKLmL8RXVM2o,2019-12-5,1,23:00:00,Pillaseu,4,D,1001140
ChIJt7pea46jfDUR25OrqUf9Y_U,2019-12-5,1,23:00:00,Cafe Marie,0,D,1001140
ChIJ0-ECQI6jfDURhTDwEBjAofY,2019-12-5,1,23:00:00,규중칠우,4,D,1001140
ChIJZ4hgfJKjfDURNV4qsgp7CK8,2019-12-5,1,23:00:00,Mongdeudeu,4,D,1001140
ChIJd4StpwyjfDURhzHTrWv1qXQ,2019-12-5,1,23:00:00,Blue Bottle Coffee Apgujeong Cafe,0,D,1001140
ChIJBxOsvrmjfDURxcm51xO1BaY,2019-12-5,1,23:00:00,公主韓服,0,D,1001236
ChIJUeNPesSifDUR2kp3ulq1tNE,2019-12-5,1,23:00:00,알이토프(Retoffe),0,D,1001236
ChIJESKZse67fDURY7U2d7H-4dU,2019-12-5,1,23:00:00,베네피트롯데백화점청량리점,0,D,1001238
ChIJcUwUBFu7fDURJykB9SuDeZI,2019-12-5,1,23:00:00,미니골드 롯데백화점 청량리점,0,D,1001238
ChIJ_QUPTVq7fDUR-YEMeI3FNQk,2019-12-5,1,23:00:00,압소바 롯데청량리점,0,D,1001238
ChIJxSfBCFu7fDURtTW3hn268Ss,2019-12-5,1,23:00:00,Toys R Us,5,D,1001238
ChIJtf1Mj7q7fDURMvHEXlkz5es,2019-12-5,1,23:00:00,르꼬끄골프 롯데백화점 청량리,0,D,1001238
ChIJc47RPFq7fDUR7qDEhZuNk1w,2019-12-5,1,23:00:00,Lotte Department store at Cheongnyangni,0,D,1001238
ChIJ8Wi18Vm7fDUR4EygKlYSfLQ,2019-12-5,1,23:00:00,다이소 청량리점 ダイソー daiso,0,D,1001238
ChIJG5gDtB27fDUR5z0TY1AU_qM,2019-12-5,1,23:00:00,데상트골프 롯데청량리(Descente golf),0,D,1001238
ChIJf1fgnye7fDURKblpad1yNnU,2019-12-5,1,23:00:00,Patgodang,0,D,1001238
ChIJq83hrlu7fDURSfq39HCXfII,2019-12-5,1,23:00:00,Kyobo Book Center Cheongryangri right Dream Center,0,D,1001238
ChIJZfglU0G7fDURRkphBYPVMi8,2019-12-5,1,23:00:00,Lotte Mart Cheongnyangni,0,D,1001238
ChIJKbFYkhKZfDURYUQGIbXFNuo,2019-12-5,1,23:00:00,투썸상암E&M센터점,0,D,1001239
ChIJScl5hRKZfDURaxCiL03Vv1k,2019-12-5,1,23:00:00,MYCT CJ E&M CENTER,0,D,1001239
ChIJt4M3uHKZfDURnN-awwM3N_M,2019-12-5,1,23:00:00,Starbucks,0,D,1001239
ChIJhy-iiyyjfDURdMJDQG5ZIkc,2019-12-5,1,23:00:00,10x10,0,D,1001240
ChIJDZ24wa2jfDURIsfYEBcONpU,2019-12-5,1,23:00:00,어쩌다 산책,0,D,1001240
ChIJBV9ehYejfDURa9MqsberpMo,2019-12-5,1,23:00:00,Cofioca,0,D,1001141
ChIJky1utmmkfDURnOBn3K9G-rA,2019-12-5,1,23:00:00,SPLENDINO,0,D,1001141
ChIJreJhZYijfDURzYxyKUwGTJQ,2019-12-5,1,23:00:00,Carhartt WIP Store Seoul Apgujeong,0,D,1001141
ChIJ6RTvJIajfDURrn8FH_PXNgA,2019-12-5,1,23:00:00,강남타투 잉커드에스 inkeds tattoo,0,D,1001141
ChIJ-yiwZ-ijfDUR9ip-SA2XrjI,2019-12-5,1,23:00:00,Seoul Ink Tattoo Studio,0,D,1001141
ChIJF2lluIejfDURVdkKFutRd_0,2019-12-5,1,23:00:00,adidas Originals Seoul Flagship Store (apgujeong),0,D,1001141
ChIJ1cObioejfDUR39hN4b5mw28,2019-12-5,1,23:00:00,lululemon,0,D,1001141
ChIJJcn0voijfDURGpMHrLRZDV0,2019-12-5,1,23:00:00,STUSSY,0,D,1001141
ChIJfXAjm4ejfDURO9ZHyfTF3S0,2019-12-5,1,23:00:00,Daily Beer (Apgujeong),0,D,1001141
ChIJHd_53IejfDURSrLbv9imJ0w,2019-12-5,1,23:00:00,웍스아웃 압구정 (WORKSOUT APGUJEONG),0,D,1001141
ChIJT4ZSZXikfDURMa74CahMtrE,2019-12-5,1,23:00:00,Capezio,0,D,1001141
ChIJXSCIOoajfDURWoj4azH8PHo,2019-12-5,1,23:00:00,Bonne Nouvelle,0,D,1001141
ChIJEWGVt-6efDUR7-0S6-92X-8,2019-12-5,1,23:00:00,No Brand,0,D,1001142
ChIJl_gQmhmifDUR5m3VgPeE6wI,2019-12-5,1,23:00:00,영재컴퓨터,0,D,1001143
ChIJkYxie8GjfDURXUvkx8bQAUI,2019-12-5,1,23:00:00,Wilokkoch,9,D,1001143
ChIJ-bOUslSjfDURz7ohCpYJ3VY,2019-12-5,1,23:00:00,Trattoria Villa de LA VINO (빌라 드 라비노),0,D,1001146
ChIJRcgKHhqjfDURHWLvVVcbdmQ,2019-12-5,1,23:00:00,히말라야아이즈,0,D,1001146
ChIJEdQ5cjaifDURNWyngSPZToU,2019-12-5,1,23:00:00,Adell,0,D,1001146
ChIJVXakCEqifDURPTMVvLBDWH4,2019-12-5,1,23:00:00,Sunny ink studio - tattoo shop,0,D,1001146
ChIJ6fRLETaifDURUq4WCgQ4_IY,2019-12-5,1,23:00:00,Gug-Ilsa,0,D,1001146
ChIJB7VVIzaifDURQ_y3TfOKFdw,2019-12-5,1,23:00:00,심플이태원,0,D,1001146
ChIJbQMNFzaifDURimOfW59uj3k,2019-12-5,1,23:00:00,Bishop,0,D,1001146
ChIJz4aszbCjfDURMBTLMXNaJIs,2019-12-5,1,23:00:00,Paris Baguette - Hannam,0,D,1001149
ChIJb97eQCqjfDURA_ZHxAzxHCw,2019-12-5,1,23:00:00,Daiso Hyehwa,0,D,1001241
ChIJJTxmOyqjfDUR2kfTyv8yr0I,2019-12-5,1,23:00:00,알라딘 중고서점 대학로점,0,D,1001242
ChIJzYVakSujfDURZcV4WfInlIE,2019-12-5,1,23:00:00,Coffine Gurunaru Daehak-ro,0,D,1001242
ChIJEa5Gi0C7fDURY5dyBbDU6Po,2019-12-5,1,23:00:00,Happiness Dessert 해피니스 디저트 妖开心甜品,0,D,1001244
ChIJSQ_pROGifDURLE8soyL4ZIM,2019-12-5,1,23:00:00,Paris Baguette Café,0,D,1001204
ChIJLRiE_eOifDUR2xVRGH8DrA0,2019-12-5,1,23:00:00,마하테크,0,D,1001204
ChIJd3vXfP-vfDUR9DoLsYQL658,2019-12-5,1,23:00:00,훼미리마트 천호역점,0,D,1001157
ChIJaUNnZEqifDURDHPzYZnM1fE,2019-12-5,1,23:00:00,Taco Amigo,0,D,1001150
ChIJxcB9QkqifDURIzHQPQlxnX4,2019-12-5,1,23:00:00,Baskin Robbins,0,D,1001150
ChIJu2Z3JEqifDURp1fcG9iChRY,2019-12-5,1,23:00:00,The Soul by Jess,0,D,1001150
ChIJn-8jV0qifDURbUHEp_toTWA,2019-12-5,1,23:00:00,프란시스,0,D,1001150
ChIJ9xEt5kqifDURgrJNFjgfOI8,2019-12-5,1,23:00:00,제이제이스 맨하탄,0,D,1001150
ChIJTRQG-m6jfDURxVdsfmN5jWU,2019-12-5,1,23:00:00,FLOW hookah lounge,0,D,1001150
ChIJeRTqLR6jfDURzvokQe_3TjI,2019-12-5,1,23:00:00,LINE FRIENDS Cafe and Store,0,D,1001150
ChIJP7fxXkqifDUR9M8il-HSrgk,2019-12-5,1,23:00:00,Twosome Place,0,D,1001150
ChIJ-W6udMOefDUR_VyJbcX_Svw,2019-12-5,1,23:00:00,아덴바이크,0,D,1001153
ChIJY9usQwWifDUR4xtHwAeZbVo,2019-12-5,1,23:00:00,Compuzone,0,D,1001155
ChIJS7K4CP-vfDURAxoqoW6aYS4,2019-12-5,1,23:00:00,LG전자서비스센터 강동점,0,D,1001156
ChIJI7R2AY2jfDURne7hkW687FM,2019-12-5,1,23:00:00,렉서스 도산대로 전시장,0,D,1001120
ChIJD2nJEY2jfDURk1ykEj1qJ2I,2019-12-5,1,23:00:00,쎄덱(SEDEC),0,D,1001120
ChIJKYHZ_F-jfDUR_40VICw04tQ,2019-12-5,1,23:00:00,CADILLAC HOUSE SEOUL,0,D,1001120
ChIJfzajpe2ifDURYWKnoGMYY24,2019-12-5,1,23:00:00,Starbucks,0,D,1001209
ChIJA7c8JWKjfDUR206Y5h70iXw,2019-12-5,1,23:00:00,Indie Beer Factory,0,D,1001210
ChIJsU_2tjyjfDURAqCUytJngrQ,2019-12-5,1,23:00:00,파스텔,14,D,1001211
ChIJ6wgNtuiifDUR-UvZYgUfAe4,2019-12-5,1,23:00:00,Craft Hans Jonggak,0,D,1001213
ChIJg9y7y-iifDURJdiOwOYa1W4,2019-12-5,1,23:00:00,Hollys Coffee,0,D,1001213
ChIJuwSn6eiifDURJl6QuQ1wVTo,2019-12-5,1,23:00:00,Starbucks,0,D,1001213
ChIJQRWFw9yifDURUlelSZv68mM,2019-12-5,1,23:00:00,Aladdin Used Bookstore jongrojeom,0,D,1001213
ChIJedDgSumifDURnOlaQDnoZMs,2019-12-5,1,23:00:00,Youngpoong Bookstore Jongno,0,D,1001214
ChIJU0z82eyifDUR1AoQ7xHjmcg,2019-12-5,1,23:00:00,루이비통 서울동화면세점,0,D,1001215
ChIJS8EhouKefDURRjk3s-98OSA,2019-12-5,1,23:00:00,하이모 영등포지점,0,D,1001121
ChIJb4NIkuikfDURjKDyl7ZyI3M,2019-12-5,1,23:00:00,르샵 롯데건대스타시티점,0,D,1001161
ChIJ45WEZ_-lfDUR_GuuKGidH6U,2019-12-5,1,23:00:00,아트박스 스타시티,0,D,1001161
ChIJyf4tjOikfDURT96LHyldoIA,2019-12-5,1,23:00:00,Lotte Department Store,0,D,1001161
ChIJq1kJIuakfDURMJjijr6zAUI,2019-12-5,1,23:00:00,시리즈 롯데스타시티,0,D,1001161
ChIJb4NIkuikfDURNTWhVvNquC4,2019-12-5,1,23:00:00,비비안 롯데백화점 스타시티점,0,D,1001161
ChIJb4NIkuikfDURVM_i9a9q030,2019-12-5,1,23:00:00,헤드 건대스타시티,0,D,1001161
ChIJb4NIkuikfDURVThwt_w7Vqw,2019-12-5,1,23:00:00,엠비오 롯데스타시티,0,D,1001161
ChIJb4NIkuikfDURJP85NLm51WE,2019-12-5,1,23:00:00,코오롱스포츠 롯데스타시티점,0,D,1001161
ChIJb4NIkuikfDURI2_htcIYHxU,2019-12-5,1,23:00:00,K-SWISS 롯데스타시티,0,D,1001161
ChIJb4NIkuikfDURlToR08lVOHE,2019-12-5,1,23:00:00,데상트 롯데백화점스타시티,0,D,1001161
ChIJRymNjuikfDURddGDxWw60pQ,2019-12-5,1,23:00:00,노스페이스 롯데 스타시티점,0,D,1001161
ChIJMbwmE26cfDURIraIzP1vVNU,2019-12-5,1,23:00:00,PAT 강서NC점,0,D,1001194
ChIJDWB-DW6cfDURrjylDga8_Dg,2019-12-5,1,23:00:00,튜브 NC강서점,0,D,1001194
ChIJ3W-aEm6cfDURJJkfulObOyg,2019-12-5,1,23:00:00,슈펜 강서NC점,0,D,1001194
ChIJDWB-DW6cfDURujKueLymiow,2019-12-5,1,23:00:00,NC백화점 강서점,0,D,1001194
ChIJnRZwpGuifDURxHhLtQ0Q9gI,2019-12-5,1,23:00:00,금강제화상설매장 남영점,0,D,1001168
ChIJE9QNSGuifDURgb4Zb20YhGY,2019-12-5,1,23:00:00,Krispy Kreme,0,D,1001168
ChIJDzO0vmuifDUR938qPn5tRaU,2019-12-5,1,23:00:00,Starbucks (Sookmyung Women's University Station Branch),0,D,1001168
ChIJY1PuFWuifDURXoEfXJ3CV-k,2019-12-5,1,23:00:00,다이소 남영역점,0,D,1001168
ChIJ-RPyEWuifDUR6xuvD-mhFGQ,2019-12-5,1,23:00:00,Angel-in-us,0,D,1001168
ChIJJ8uefEiifDURXqk469WCXt0,2019-12-5,1,23:00:00,Chans Bros,0,D,1001169
ChIJ355Ye0iifDURZiz_N-RuV1E,2019-12-5,1,23:00:00,Roof561,0,D,1001169
ChIJ-WQr5DmjfDUR9lRdMDBwt-A,2019-12-5,1,23:00:00,승진완구,0,D,1001220
ChIJOYJ1WjqjfDURpD-7EAe8gWU,2019-12-5,1,23:00:00,CU Dongdaemun Branch,0,D,1001220
ChIJA7WocJGifDURiNzw-6T1A1o,2019-12-5,1,23:00:00,심플리커피,0,D,1001223
ChIJsXjnvZaifDURyj1TUKkoJhU,2019-12-5,1,23:00:00,Starbucks,0,D,1001223
ChIJR3Q8oJSifDUR-3GLBi3Gx_c,2019-12-5,1,23:00:00,카페자스 광화문,0,D,1001223
ChIJ2WtXypCifDUR7CcvxO5pJn8,2019-12-5,1,23:00:00,서서울농협 하나로마트 사직점,0,D,1001223
ChIJA3_W7JVrMhURUlozmc4p7yA,2019-12-5,1,23:00:00,Namusairo Coffee,0,D,1001223
ChIJcZLacZSifDURVzI2cG2iO78,2019-12-5,1,23:00:00,Paul and Paulina,0,D,1001223
ChIJm4l07ZOifDURsuQvan8FtUM,2019-12-5,1,23:00:00,커피투어 경희궁점 Coffee Tour Roasters (1st),0,D,1001223
ChIJreyKjJSifDURlM1YJez0Z1g,2019-12-5,1,23:00:00,Paul & Paulina,0,D,1001223
ChIJBdwbMJSifDURwXDbWECyabc,2019-12-5,1,23:00:00,The Hand and Malt Taproom,0,D,1001223
ChIJTQ3DgkyjfDUR9ngFIQzVLsw,2019-12-5,1,23:00:00,아름다운가게 동대문점,0,D,1001225
ChIJyf49y-WxfDUR5Dtb2jDBKM4,2019-12-5,1,23:00:00,스타벅스 명일역점,0,D,1001173
ChIJuw57peyifDURznfR6Mj2zAw,2019-12-5,1,23:00:00,Starbucks,0,D,1001227
ChIJXc9rS-qifDURQpIpDA5VJAU,2019-12-5,1,23:00:00,종로아이폰수리 아이폰가게,0,D,1001227
ChIJVY6CXumifDURyjnss4owfGI,2019-12-5,1,23:00:00,Coffee DNA Gwanghwamun,0,D,1001227
ChIJ2fasxfCjfDURJ0FjJTm7hRM,2019-12-5,1,23:00:00,Tab Public Gwanghwamun Granseoul,0,D,1001227
ChIJSfGrARajfDURoZWhnjBZQfg,2019-12-5,1,23:00:00,Daily Beer (Jongno-gu Office),0,D,1001227
ChIJsbevhOmifDURHdAQsf3-O2Y,2019-12-5,1,23:00:00,Coffee Chingu,0,D,1001227
ChIJT4ufVy-jfDURp7uVlPNYDKE,2019-12-5,1,23:00:00,세븐일레븐,0,D,1001228
ChIJ9Vf-RCWjfDURNZUZ3r5wFsQ,2019-12-5,1,23:00:00,NT Coffee,0,D,1001228
ChIJMcLQwDqjfDURxI7Jgi211H4,2019-12-5,1,23:00:00,Seoul City Wall Museum,0,D,1001228
ChIJxc8OXeijfDURNgI1fsOQBv0,2019-12-5,1,23:00:00,Starbucks,0,D,1001230
ChIJT6pfYs-YfDURoITLMFrxGcA,2019-12-5,1,23:00:00,바나나 하루키 Banana Haruki,0,D,1001182
ChIJiVKnKcOYfDURQSEuJEvkSnk,2019-12-5,1,23:00:00,Zara,0,D,1001182
ChIJ7U-76tqYfDUR63DpSecx6_U,2019-12-5,1,23:00:00,1300K 홍대점,0,D,1001182
ChIJ7x3EUcWYfDURmL6A6pEtu5k,2019-12-5,1,23:00:00,Gelati Gelati,0,D,1001182
ChIJmxXBlMOYfDURQ4MlHs51Jz8,2019-12-5,1,23:00:00,루블랑 loup blanc,0,D,1001182
ChIJXxhQzcKYfDURY208iFJWPK4,2019-12-5,1,23:00:00,Patisserie x Roastery imi,0,D,1001182
ChIJVYFelNqYfDURkNyoScOtYRs,2019-12-5,1,23:00:00,Peony,0,D,1001182
ChIJwUyyb9CYfDURgnX32tMOh-c,2019-12-5,1,23:00:00,GENTLE MONSTER HONGDAE FLAGSHIP STORE,0,D,1001182
ChIJIcCoANCYfDURvFtGH05S1Ms,2019-12-5,1,23:00:00,Fell and Cole,0,D,1001182
ChIJ29bX8s-YfDURxeVoMSf0eZI,2019-12-5,1,23:00:00,칼하트WIP 홍대와우산점,0,D,1001182
ChIJV9Lb3sKYfDURjbCnh8qRfqg,2019-12-5,1,23:00:00,Dunkin' Donuts,0,D,1001182
ChIJMeQIFsOYfDUR5sd8qTDum9s,2019-12-5,1,23:00:00,The Coffee Bean & Tea Leaf,0,D,1001182
ChIJx8ILIsOYfDUR8I5fKCkZUOA,2019-12-5,1,23:00:00,킨코스코리아 홍대입구역센터 (Kinko's Hongdae Station Center),0,D,1001182
ChIJx-2j5MKYfDURYWWYZAXSDRQ,2019-12-5,1,23:00:00,Kakao Friends Hongdae Flagship Store,0,D,1001182
ChIJTxCcl9yYfDUR2JwN0_7-75s,2019-12-5,1,23:00:00,파리바게뜨 홍대카페점,0,D,1001182
ChIJT9sKeMSYfDURPdEO4cKY8PA,2019-12-5,1,23:00:00,Jidebseu,0,D,1001182
ChIJeUCyeMSYfDURs7QWKYTj5Zg,2019-12-5,1,23:00:00,Billy Angel,0,D,1001182
ChIJ4xvyZsOYfDURK8JoZFQqZ-E,2019-12-5,1,23:00:00,렌즈타운홍대입구점,0,D,1001182
ChIJvzM4VtuYfDURWePmcvnO7UU,2019-12-5,1,23:00:00,Kinko's Hongdae Center,0,D,1001182
ChIJufS0PkWFfDURPJn6QDhvRj0,2019-12-5,1,23:00:00,화수분 주얼리디자인 공예학원,0,D,1001182
ChIJwyNoUcOYfDURIU69RKmIRr4,2019-12-5,1,23:00:00,Line Friends Hongdae Flagship Store,0,D,1001182
ChIJaZLqq9yYfDUR5I6ouzJOBRs,2019-12-5,1,23:00:00,SPAO,0,D,1001182
ChIJQ3D-nMSYfDURvzK9BWRwVX4,2019-12-5,1,23:00:00,Le Petit Four,0,D,1001182
ChIJ__BK4sSYfDURs_G07P5DAl8,2019-12-5,1,23:00:00,Coffee Smith,0,D,1001182
ChIJm9_7GMWYfDURBoYzf95rz2E,2019-12-5,1,23:00:00,Nike SNKRS Hongdae,0,D,1001182
ChIJeSF1ZMKYfDURuSDtNcXO-fc,2019-12-5,1,23:00:00,유니클로YZPARK홍대점 UNIQLO ユニクロ,0,D,1001182
ChIJj_rGPcOYfDURJR1383QzIA0,2019-12-5,1,23:00:00,adidas Originals Hongdae,0,D,1001182
ChIJ3yBcRsKYfDUROURqpLqYU3I,2019-12-5,1,23:00:00,DJI Korea Flagship Store,0,D,1001182
ChIJRYHVZsKYfDURDP8DpTAJ5bw,2019-12-5,1,23:00:00,Books Libro,0,D,1001182
ChIJ3bKEP8OYfDURcMUeOGC8OHM,2019-12-5,1,23:00:00,베스킨라빈스던킹,0,D,1001182
ChIJZ2maiBSZfDURypPGx3UMIoI,2019-12-5,1,23:00:00,KMC홍대실용음악학원,0,D,1001182
ChIJbXW7tsSYfDUR30zhGg0Ehv4,2019-12-5,1,23:00:00,카페데코믹스 홍대점,0,D,1001182
ChIJP6M3gcSYfDURq-bPvtdItDo,2019-12-5,1,23:00:00,펀펀슬라임카페,0,D,1001182
ChIJw__afsSYfDURe0N9mMxFNJs,2019-12-5,1,23:00:00,Starbucks,0,D,1001182
ChIJc-fwl8SYfDURG9JrVzbSrnY,2019-12-5,1,23:00:00,Frisbee Hongdae,0,D,1001182
ChIJKTrxZtuYfDURedaPlYRpMPE,2019-12-5,1,23:00:00,Starbucks Reserve,0,D,1001182
ChIJ8YN0k9OZfDURou_nDy-P0Fs,2019-12-5,1,23:00:00,다이소 홍대점,0,D,1001182
ChIJtVp8VcOYfDURK21YoxbrdH0,2019-12-5,1,23:00:00,YES24 중고매장 홍대점,0,D,1001182
ChIJ6aMX9rOZfDUR5FAsARksebw,2019-12-5,1,23:00:00,FIFTYFIFTY,0,D,1001182
ChIJP8LlzdqYfDURrju654Av65o,2019-12-5,1,23:00:00,SILVERDIA 홍대점,0,D,1001182
ChIJz0ALxhmjfDURnqAP74gtUFo,2019-12-5,1,23:00:00,LG전자 충무로역서비스센터,0,D,1001192
ChIJWeC7jPSifDURzixegUEDcIM,2019-12-5,1,23:00:00,Paris Baguette Cafe,0,D,1001200
ChIJGxE-X_OifDURId1eD0hr8Fc,2019-12-5,1,23:00:00,Paris Baguette Cafe,0,D,1001200
ChIJl6AbY_OifDURj7bAf-HEcsY,2019-12-5,1,23:00:00,GS25 북창점,0,D,1001200
ChIJryrpnvSifDURiOvp-xMVXhw,2019-12-5,1,23:00:00,Hollys Coffee,0,D,1001200
ChIJOwaWjPSifDURq6OwG3B7nmg,2019-12-5,1,23:00:00,SONY서비스센터 남대문점,0,D,1001200
ChIJs0IAeD-jfDUR10B4W2E-kAg,2019-12-5,1,23:00:00,헬로우샵,0,D,1001201
ChIJ9XDV4O-ifDURKjI94KEc1h4,2019-12-5,1,23:00:00,Olive Young,0,D,1001203
ChIJoY1oZvCifDURDKzruLYtCuU,2019-12-5,1,23:00:00,Stylenanda Pink Hotel - 3CE,0,D,1001203
ChIJwzS4332jfDURFB1WlhBINd8,2019-12-5,1,23:00:00,유아히어,0,D,1001203
ChIJ8ZjTl--ifDURjLz0x2-WBYw,2019-12-5,1,23:00:00,Fair Trade Cafe,0,D,1001203
ChIJyzrhXvCifDURvmgi0Ozjv2E,2019-12-5,1,23:00:00,adidas Myeongdong Brand Center,0,D,1001203
ChIJQ9UIcfCifDURL7nI-J5BNr4,2019-12-5,1,23:00:00,스타벅스 명동길점,0,D,1001203
ChIJqRLa4vCifDURM7MyAJ7PcBY,2019-12-5,1,23:00:00,Uniqlo Myeongdong,0,D,1001203
ChIJi7K6fyijfDURD5RYKDpnWfc,2019-12-5,1,23:00:00,オリーブヤング 明洞本店,0,D,1001203
ChIJdRpvPPCifDUR1KQ7WBDtX7I,2019-12-5,1,23:00:00,Frisbee Myeongdong,0,D,1001203
ChIJqWezFfCifDURyfjjZonPlHU,2019-12-5,1,23:00:00,Harmony Mart,0,D,1001203
ChIJsUp7V_CifDURCRYfUJoyHFs,2019-12-5,1,23:00:00,ÅLAND,0,D,1001203
ChIJC8zmmLKjfDURbli76bfixy4,2019-12-5,1,23:00:00,Ikseon Hanok Village,0,D,1001232
ChIJXxhQzcKYfDURY208iFJWPK4,2019-12-5,1,23:00:00,Patisserie x Roastery imi,0,D,1001183
ChIJseT_x8KYfDURamho37y6Lqo,2019-12-5,1,23:00:00,Rolling Dice,0,D,1001183
ChIJZ2maiBSZfDURypPGx3UMIoI,2019-12-5,1,23:00:00,KMC홍대실용음악학원,0,D,1001183
ChIJRYHVZsKYfDURDP8DpTAJ5bw,2019-12-5,1,23:00:00,Books Libro,0,D,1001184
ChIJeSF1ZMKYfDURuSDtNcXO-fc,2019-12-5,1,23:00:00,유니클로YZPARK홍대점 UNIQLO ユニクロ,0,D,1001184
ChIJXxhQzcKYfDURY208iFJWPK4,2019-12-5,1,23:00:00,Patisserie x Roastery imi,0,D,1001184
ChIJseT_x8KYfDURamho37y6Lqo,2019-12-5,1,23:00:00,Rolling Dice,0,D,1001184
ChIJj2PFm6ekfDURK-YfK0LG_No,2019-12-5,1,23:00:00,배스킨라빈스 한양대,0,D,1001187
ChIJE0qigVmjfDURr6Bw4hdG6Tg,2019-12-5,1,23:00:00,CU 왕십리한양점,0,D,1001187
ChIJQf8_vfCifDURqYz5oMvyYJo,2019-12-5,1,23:00:00,투썸플레이스 명동역점,0,D,1001189
ChIJB3adfvqifDURG5y_RMiTup8,2019-12-5,1,23:00:00,Daiso Myeongdong,0,D,1001189
ChIJxeXshQehfDURaRJAf2tZbjI,2019-12-5,1,23:00:00,Lotte My Super,0,D,1001073
ChIJ7Q2skgakfDURA9LbOwZ8djE,2019-12-5,1,23:00:00,스타벅스 르네상스사거리,0,D,1001077
ChIJL27gwVihfDURW_Fsz7LteJ4,2019-12-5,1,23:00:00,Chicor Gangnam Station Flagship Store,0,D,1001078
ChIJ345pjWeffDURLBeNCxshU6w,2019-12-5,1,23:00:00,다이소 노량진점 ダイソー daiso,0,D,1001105
ChIJKZP1weSffDURW-7tnYZdBhI,2019-12-5,1,23:00:00,홀로서기 1,46,D,1001105
ChIJSQ_pROGifDURLE8soyL4ZIM,2019-12-5,1,23:00:00,Paris Baguette Café,0,D,1001208
ChIJ8TFyaYaXfDURjDAgI1cZc_I,2019-12-5,1,23:00:00,Baskin Robbins,0,D,1001254
ChIJrSdnoxC8fDURrkOSBINWswY,2019-12-5,1,23:00:00,English speaking optical shop in korea (Leonne),0,D,1001257
ChIJ4eDaGHSlfDURM1zPiQAAPCg,2019-12-5,1,23:00:00,슈타인도르프 브로이,0,D,1001107
ChIJNzOvYd2jfDURNBPfEpJPuu8,2019-12-5,1,23:00:00,비스토핑,0,D,1001109
ChIJ4fN8Yd2jfDURfRS53lFgjHk,2019-12-5,1,23:00:00,Bistopping,0,D,1001109
ChIJtbLra3WkfDURkVIg9_NQkHI,2019-12-5,1,23:00:00,Nature Republic,0,D,1001111
ChIJszv52mq5fDURNmvvmebdnEA,2019-12-5,1,23:00:00,Starbucks,0,D,1001261
ChIJ6aga_j-5fDURdOMIfIHT0rQ,2019-12-5,1,23:00:00,미니스톱노원점,0,D,1001263
ChIJo4nQRBW5fDURZD9nZ9kxmmQ,2019-12-5,1,23:00:00,STCO노원점,0,D,1001263
ChIJO5m2bnWkfDURdDQYw4xgNbQ,2019-12-5,1,23:00:00,던킨도너츠 강남구청역점,0,D,1001115
ChIJ36UmmYqjfDURk-ugUzmqqBo,2019-12-5,1,23:00:00,웨딩디바,0,D,1001115
ChIJsxJp7OujfDURhL-pWNqb2q8,2019-12-5,1,23:00:00,Coffee Smith Garosugil,11,D,1001117
ChIJc8wGceijfDURYi48PUA-Or4,2019-12-5,1,23:00:00,킨코스코리아 신사센터 (Kinko's Sinsa Center),0,D,1001117
ChIJsdBb7-ujfDUR07tF6ZJSDzI,2019-12-5,1,23:00:00,알라딘 중고서점 가로수길점,0,D,1001117
ChIJXWObkOmjfDURg_rykwkHCqg,2019-12-5,1,23:00:00,Ateuman,9,D,1001117
ChIJyThMV-mjfDURtJOwqSvG5hU,2019-12-5,1,23:00:00,Willys,0,D,1001117
ChIJvzaw_-ujfDURHPRNSPChh-0,2019-12-5,1,23:00:00,가로수약국,9,D,1001117
ChIJyxxFf-mjfDURrAyF4ZY0ZEI,2019-12-5,1,23:00:00,GS25,0,D,1001117
ChIJLxf9pECjfDURFinDgSw_P9s,2019-12-5,1,23:00:00,에이쓰리커피집,0,D,1001117
ChIJZdzrnpWifDUR9256qHF4iPU,2019-12-5,1,23:00:00,Sikmulhak Coffee,0,D,1001117
ChIJl0qHeoijfDURjtsrXq25A3Q,2019-12-5,1,23:00:00,ROZLEY,9,D,1001117
ChIJC6tcxPyefDURetUuiSwbTJ4,2019-12-5,1,23:00:00,부엉이맥주집,0,D,1001119
ChIJ4y_P4g2lfDURKp_YHjQdM9E,2019-12-5,1,23:00:00,세드라 Cedrat,0,D,1001082
ChIJr7m4mxqkfDURkRuiuKVmvYs,2019-12-5,1,23:00:00,gs25,11,D,1001082
ChIJhYlMHg6kfDURGNA9eWtJpQ0,2019-12-5,1,23:00:00,커피베이 강남선릉점,0,D,1001084
ChIJx_JXSRSkfDURaouYU5Lf2Tw,2019-12-5,1,23:00:00,wisewall,0,D,1001088
ChIJXWDzUhSkfDURB8G3NRzlxWM,2019-12-5,1,23:00:00,CU 대치플러스점,0,D,1001088
ChIJRdVtk6ilfDURu-uy6ylrN-4,2019-12-5,1,23:00:00,A Twosome Place,0,D,1001088
ChIJxatI2VChfDURFtcYhxWUn7U,2019-12-5,1,23:00:00,Coffee Factory,0,D,1001066
ChIJG5nJ7oqdfDURxP3DHJV-caQ,2019-12-5,1,23:00:00,Starbucks,0,D,1001067
ChIJu4upE4qdfDURWA-JmuMgpOM,2019-12-5,1,23:00:00,오류홈할인마트,0,D,1001067
ChIJGZmBb4qdfDURgWVz_oM-Mqw,2019-12-5,1,23:00:00,투썸플레이스오류역점,0,D,1001067
ChIJs4OITD2kfDURUEtUWLTeGbY,2019-12-5,1,23:00:00,Paris Baguette,0,D,1001068
ChIJ6zEJ-U6hfDUR0YiMykcmh2I,2019-12-5,1,23:00:00,효성벤츠,0,D,1001047
ChIJi4n_A1ChfDURvWtJUQFaCkA,2019-12-5,1,23:00:00,Caffe Pascucci,0,D,1001048
ChIJDWIToGyhfDURkn2oJEVxCVk,2019-12-5,1,23:00:00,L.BRO COFFEE,0,D,1001050
ChIJg5bNhxykfDURWBezOG2OjgY,2019-12-5,1,23:00:00,비비안 롯데백화점 강남점,0,D,1001071
ChIJX9SCiBykfDURSgSaGTiiS28,2019-12-5,1,23:00:00,NEPA 롯데강남4점,0,D,1001071
ChIJP7-ziBykfDUR1fZidjGv5mc,2019-12-5,1,23:00:00,나이키 롯데강남점,0,D,1001071
ChIJg5bNhxykfDURzO0C720UStY,2019-12-5,1,23:00:00,Lotte Department Store in Gangnam,0,D,1001071
ChIJ9S1nsy2lfDURdBSn8f9hTTs,2019-12-5,1,23:00:00,Jibsa,0,D,1001071
ChIJr8Hve5mlfDURK4KNuJEdEQw,2019-12-5,1,23:00:00,데상트골프 롯데강남(Descente golf),0,D,1001071
ChIJ3bothhykfDURGrrFQIFiSMM,2019-12-5,1,23:00:00,포숑 롯데강남점,0,D,1001071
ChIJd5crd3iZfDURudZloC0L4Hc,2019-12-5,1,23:00:00,Forestin,0,D,1001167
ChIJI6x5CbuffDUR8JEwXSMDXLg,2019-12-5,1,23:00:00,Starbucks,0,D,1001051
ChIJGa43VLqffDURtlkdiX_ONGI,2019-12-5,1,23:00:00,다이소 보라매점 ダイソー daiso,0,D,1001051
ChIJIz2rUaiffDURBKQqqA4-6rw,2019-12-5,1,23:00:00,스타벅스 보라매공원R점,0,D,1001051
ChIJbasRrFGhfDURP_T9777uJNY,2019-12-5,1,23:00:00,Goose Island Brewhouse,12,D,1001052
ChIJVbb44rKhfDURQ9d43oRoP30,2019-12-5,1,23:00:00,M&H Books,0,D,1001022
ChIJC89iDEygfDURf2XxyC_41bo,2019-12-5,1,23:00:00,Starbucks,0,D,1001022
ChIJy6uhiVKkfDUREkfkPz19xTE,2019-12-5,1,23:00:00,CU 신천대로점,0,D,1001093
ChIJS1TPDq2lfDURmwOS5a-VQME,2019-12-5,1,23:00:00,Coffee Buy Roasters,0,D,1001093
ChIJw8kLH62lfDURZrLpxOmU57A,2019-12-5,1,23:00:00,Alladin Used Bookstore,0,D,1001093
ChIJyYmIBa2lfDUR8-GsYF8uABM,2019-12-5,1,23:00:00,Big Bottle Company,0,D,1001093
ChIJ14wBQA2kfDURdoFlwNpRekQ,2019-12-5,1,23:00:00,TBHSHOP(브랜드 통합 공식몰),0,D,1001094
ChIJKfKyf2eefDURtT-zNMP-gCM,2019-12-5,1,23:00:00,교보문고 신도림 바로드림 센터,0,D,1001096
ChIJo-6LeGeefDURwvVe38JkJNk,2019-12-5,1,23:00:00,캘빈클라인 액세서리 현대백화점 디큐브시티점,0,D,1001096
ChIJmcfHfGeefDURrFGmQDhzd_A,2019-12-5,1,23:00:00,Hyundai Department Store,0,D,1001096
ChIJ3-7hfGeefDUR7A4TYYssw_c,2019-12-5,1,23:00:00,뉴발란스 신도림디큐브시티,0,D,1001096
ChIJ3-7hfGeefDURU8BON7RwjmU,2019-12-5,1,23:00:00,켈번 신도림디큐브백화점,0,D,1001096
ChIJ3-7hfGeefDURRwnIdQxVjOs,2019-12-5,1,23:00:00,NEPA 신도림디큐브시티점,0,D,1001096
ChIJ3-7hfGeefDURitmKZEIYv3w,2019-12-5,1,23:00:00,몽벨 신도림디큐브시티점,0,D,1001096
ChIJ3-7hfGeefDURezOx43vBX-Q,2019-12-5,1,23:00:00,지이크 디큐브시티신도림,0,D,1001096
ChIJtWTvWuBhezURCJ_HWxhRoMY,2019-12-5,1,23:00:00,W Mall Outlet,0,D,1001027
ChIJNVFSROBhezURTO87xiv68dk,2019-12-5,1,23:00:00,CU 가산W-MALL몰점,0,D,1001027
ChIJ-VL0WuBhezURN20S67ZaDnU,2019-12-5,1,23:00:00,압소바 W Mall,0,D,1001027
ChIJ-VL0WuBhezURB2o9ZQCI1LY,2019-12-5,1,23:00:00,JCB W Mall,0,D,1001027
ChIJkSYeUOBhezURN7Q3Kaeq0XY,2019-12-5,1,23:00:00,나이키 구로상설할인,0,D,1001027
ChIJ09XTsdKmfDURV3nh1rfvg5k,2019-12-5,1,23:00:00,바세츠아이스크림 양재본점 BASSETTS ICECREAM,0,D,1001014
ChIJJ2nGOdOmfDURdHio-HokO8A,2019-12-5,1,23:00:00,서울화훼,0,D,1001014
ChIJnT_gm9KmfDUR6ORNDL-HY2o,2019-12-5,1,23:00:00,E-Mart Everyday Yangjae,0,D,1001014
ChIJS2Vcka1hezURH7Ze51fZSwI,2019-12-5,1,23:00:00,Talya Global Atomy 애터미/ Атоми,0,D,1001015
ChIJOy3K5GykfDURi6Jw4Y3FGXg,2019-12-5,1,23:00:00,이마트에브리데이 삼성동점,0,D,1001098
ChIJaZHuZWukfDUR7UeaGo-5JZM,2019-12-5,1,23:00:00,Casa Del Habano,0,D,1001099
ChIJz8urgGykfDUR22mmHsj0Pcc,2019-12-5,1,23:00:00,쿠펫 강남점(삼성동),0,D,1001099
ChIJ8-5klWukfDUR0rbmrq4SBmc,2019-12-5,1,23:00:00,3CE 롯데면세점 코엑스점,0,D,1001099
ChIJXZ-XkGukfDURwrUEcJQTxdA,2019-12-5,1,23:00:00,Lotte Duty-free COEX Branch,0,D,1001099
ChIJJX08XxOkfDURMXnhs9ruUJU,2019-12-5,1,23:00:00,컬투편의점 삼성점,0,D,1001099
ChIJcY7K0WqkfDUR--nWJcpWOPY,2019-12-5,1,23:00:00,Gold Finger Bespoke Tailor (골드핑거 비스포크 양복점),0,D,1001099
ChIJkYG1uRSkfDURN6awYNq5sXU,2019-12-5,1,23:00:00,"Office Depot, Samsung branch",0,D,1001099
ChIJfavImE2lfDUR6DlzX7kppzA,2019-12-5,1,23:00:00,Le Four Doré,0,D,1001099
ChIJ8-5klWukfDUR0rbmrq4SBmc,2019-12-5,1,23:00:00,3CE 롯데면세점 코엑스점,0,D,1001103
ChIJkYG1uRSkfDURN6awYNq5sXU,2019-12-5,1,23:00:00,"Office Depot, Samsung branch",0,D,1001103
ChIJXZ-XkGukfDURwrUEcJQTxdA,2019-12-5,1,23:00:00,Lotte Duty-free COEX Branch,0,D,1001103
ChIJOS6-gGukfDURsNQTUOc_JNM,2019-12-5,1,23:00:00,뉴스킨 코리아,0,D,1001103
ChIJaZHuZWukfDUR7UeaGo-5JZM,2019-12-5,1,23:00:00,Casa Del Habano,0,D,1001103
ChIJcY7K0WqkfDUR--nWJcpWOPY,2019-12-5,1,23:00:00,Gold Finger Bespoke Tailor (골드핑거 비스포크 양복점),0,D,1001103
ChIJL36qtGukfDUR42gSnR1N79U,2019-12-5,1,23:00:00,Uniqlo,0,D,1001103
ChIJb4ImMRWkfDURYrrYiJk_b5I,2019-12-5,1,23:00:00,Hyundai Department Store,0,D,1001103
ChIJaWSqU2qkfDURJGnsDpN4PgY,2019-12-5,1,23:00:00,Oysho,0,D,1001103
ChIJ5QIdMRWkfDURCYmReqmCXxs,2019-12-5,1,23:00:00,더바디샵 현대무역센터점,0,D,1001103
ChIJHVz8MBWkfDURz7_WMhajP3E,2019-12-5,1,23:00:00,현대백화점무역마인,0,D,1001103
ChIJhXtHMRWkfDURf5PiE_c9uWM,2019-12-5,1,23:00:00,타임현대무역센터점,0,D,1001103
ChIJHVz8MBWkfDURHCZnWmCqJMA,2019-12-5,1,23:00:00,지오다노 삼성현대,0,D,1001103
ChIJhXtHMRWkfDURMHiNurKbEhw,2019-12-5,1,23:00:00,클라란스 현대무역센터점,0,D,1001103
ChIJHVz8MBWkfDURWfm0QZjTle8,2019-12-5,1,23:00:00,헤지스 현대 무역,0,D,1001103
ChIJfavImE2lfDUR6DlzX7kppzA,2019-12-5,1,23:00:00,Le Four Doré,0,D,1001103
ChIJlbmgHWGlfDURSaARZ9hupGE,2019-12-5,1,23:00:00,Pierrot Shopping,0,D,1001103
ChIJj575MK-lfDURXrrDHndroN0,2019-12-5,1,23:00:00,Fika,0,D,1001103
ChIJf-Tx4f6jfDURtmRRiJPAcD0,2019-12-5,1,23:00:00,Auntie Anne's,0,D,1001103
ChIJ5QIdMRWkfDURrskPbCKXdwg,2019-12-5,1,23:00:00,비비안 현대백화점 무역점,0,D,1001103
ChIJncS792qkfDURkqCUBHnmVN8,2019-12-5,1,23:00:00,토즈 현대백화점무역센터점,0,D,1001103
ChIJIfisU2qkfDURU8PgQXj72R0,2019-12-5,1,23:00:00,PALAZZO,0,D,1001103
ChIJZ5pO8GqkfDURFgM63n_TiGk,2019-12-5,1,23:00:00,PANDORA,0,D,1001103
ChIJfVfP3EOkfDUR4ZpxKcTyUkc,2019-12-5,1,23:00:00,푸른약국,0,D,1001104
ChIJET4-lRikfDURIwjaJ9fTPqw,2019-12-5,1,23:00:00,김영모과자점 대치점,0,D,1001054
ChIJrauUER-kfDURsRgy-tRNCPM,2019-12-5,1,23:00:00,Daiso Daechi Station Branch,0,D,1001054
ChIJi1QDymuJcTURyg0LbUYM20o,2019-12-5,1,23:00:00,풀무원건강생활,0,D,1001041
ChIJoeyZasKlfDURNYw8jDDoPCo,2019-12-5,1,23:00:00,Emart at Suseo,0,D,1001041
ChIJO5YDQcKlfDURreFemAlJEvU,2019-12-5,1,23:00:00,The Coffee Bean And Tea Leaf,0,D,1001041
ChIJvTmDbmmhfDURz9VGiTG9-bo,2019-12-5,1,23:00:00,투썸플레이스 교대역점,0,D,1001057
ChIJMXY7rmmhfDURnvZr0XBkHlQ,2019-12-5,1,23:00:00,젠하이저 코리아 공식 스토어(청음샵),0,D,1001057
ChIJBc4ISWihfDURoCgv-0iyNcY,2019-12-5,1,23:00:00,다이소 교대역점,0,D,1001057
ChIJh0KD6WmhfDUR_W-EKzS-fHc,2019-12-5,1,23:00:00,아름다운가게 서초점,0,D,1001057
ChIJOWpCYGmhfDURg_zy1P3SA0k,2019-12-5,1,23:00:00,Caffe Pascucci,0,D,1001057
ChIJHyWpXVGhfDUR9UENWDGGVhE,2019-12-5,1,23:00:00,아름다운가게 역삼점,0,D,1001058
ChIJZb_cXVGhfDURtmhx9000Y8A,2019-12-5,1,23:00:00,The Wal'z,0,D,1001058
ChIJ7_fFuJOlfDURzMpAELYksVc,2019-12-5,1,23:00:00,동화청과,0,D,1001060
ChIJsX50ZlqhfDUR3iEqQaCGDpE,2019-12-5,1,23:00:00,The Coffee Bean,0,D,1001062
ChIJd690uNSkfDURj9-N6lGA4Ws,2019-12-5,1,23:00:00,Starbucks,0,D,1001181
ChIJDXcr1oujfDURinArIW6_1s0,2019-12-5,1,23:00:00,우나스 UNAS,0,D,1001123
ChIJp9tNrxWhfDURr90Fouv2W9g,2019-12-5,1,23:00:00,다이소 남부터미널점 ダイソー daiso,0,D,1001042
ChIJ8Q-1zLOhfDURFBVEehWW6b8,2019-12-5,1,23:00:00,Kanival Pizza,0,D,1001043
ChIJxxAxbO6hfDURmx48YNUlNpU,2019-12-5,1,23:00:00,알라딘 중고서점 이수역점,0,D,1001043
ChIJhcgNkEuhfDURS2OmBx3mFgU,2019-12-5,1,23:00:00,Daiso,0,D,1001030
ChIJiaLgmsCffDURWwuUf0zlqw0,2019-12-5,1,23:00:00,Anitong,0,D,1001031
ChIJGf3C4pWffDURHHqGNMSwWw4,2019-12-5,1,23:00:00,난쟁이파스타앤펍,0,D,1001031ChIJuwSn6eiifDURJl6QuQ1wVTo,2019-12-5,1,23:00:00,Starbucks,0,U,1001494ChIJQRWFw9yifDURUlelSZv68mM,2019-12-5,1,23:00:00,Aladdin Used Bookstore jongrojeom,0,U,1001494ChIJh7eTIKelfDURNQITsr5_q1c,2019-12-5,1,23:00:00,윌리스 잠실점,0,U,1001495ChIJV8PJG6elfDURj56OtP4nAFM,2019-12-5,1,23:00:00,오스틴리드 월드롯데마트,0,U,1001495ChIJ1emSIKelfDURwp7QgVvK9Rs,2019-12-5,1,23:00:00,"Toys ""R"" Us",0,U,1001495ChIJ_7G5IQylfDURfEue26R_13Q,2019-12-5,1,23:00:00,지에스수퍼잠실장미점,0,U,1001495ChIJWVAkYAulfDUR7ViVtqqO0J0,2019-12-5,1,23:00:00,바쏘 홈플러스잠실점,13,U,1001495ChIJeX7OoKilfDURlm84gv9Uo_M,2019-12-5,1,23:00:00,CU 잠실갤러리아점,0,U,1001495ChIJEz7nhKilfDUR5sK9XyV9aRA,2019-12-5,1,23:00:00,GS Supermarket,0,U,1001495ChIJOcQCfAmlfDUR19s2iQuSMTw,2019-12-5,1,23:00:00,Starbucks,0,U,1001495ChIJFcE8TgqlfDURH-x-XSq-Ov0,2019-12-5,1,23:00:00,"Kyobo Book Centre, Jamsil",0,U,1001495ChIJbcyfsaClfDURymvgGhei5x4,2019-12-5,1,23:00:00,"Lotte Department Store, Castle Plaza branch",0,U,1001495ChIJ95k9YQ6lfDURMhBmv-RbTtY,2019-12-5,1,23:00:00,CU 잠실파크점,0,U,1001495ChIJ_U5cXHOlfDURRMwnxdUv4Ak,2019-12-5,1,23:00:00,Hollys Coffee,0,U,1001495ChIJmZBJf3SlfDUReHJi_y88NUQ,2019-12-5,1,23:00:00,스타벅스 송파구청점,0,U,1001495ChIJPcUTiHOlfDURV9BPZBfYygc,2019-12-5,1,23:00:00,COFFEE BEAN 방이점,0,U,1001495ChIJCUNr8W2lfDURmP7X3trY-hA,2019-12-5,1,23:00:00,우리생협,0,U,1001495ChIJ1a4HZ7WlfDURs_9F0MXmuyE,2019-12-5,1,23:00:00,서울책보고,0,U,1001495ChIJzfjNRRelfDUR-gEz3jDW4Y8,2019-12-5,1,23:00:00,서울책보고 I.Seoul.U,0,U,1001495ChIJqa8bHpClfDURB0lSs-Kl-ow,2019-12-5,1,23:00:00,모니카비나더 롯데면세점 월드타워점,0,U,1001495ChIJWVAkYAulfDUR54NtQbs-nfo,2019-12-5,1,23:00:00,HOMEPLUS Jamsil,13,U,1001495ChIJzwaqSwulfDURTnQwAtCO5Vg,2019-12-5,1,23:00:00,Aladdin owned bookstore in Jamsil Lotte World Tower Branch,0,U,1001495ChIJrWwaYAulfDURncIwKadutso,2019-12-5,1,23:00:00,아디다스 엠엔제이잠실홈플러스,13,U,1001495ChIJF2tbD5OlfDURZo38nhA808k,2019-12-5,1,23:00:00,배스킨라빈스 홈플러스잠실점,13,U,1001495ChIJkWceLXSlfDURDHQ0n-6N56M,2019-12-5,1,23:00:00,루마썬팅,0,U,1001495ChIJ4eDaGHSlfDURM1zPiQAAPCg,2019-12-5,1,23:00:00,슈타인도르프 브로이,0,U,1001495ChIJX3GTh3alfDUR-khjctF2iZA,2019-12-5,1,23:00:00,미쉐린타이어송파점,0,U,1001495ChIJZ-c4thelfDUR8zOQkR7ntjw,2019-12-5,1,23:00:00,스타벅스 송파나루역DT점,0,U,1001495ChIJO_P41HClfDURM042Mo8KZEk,2019-12-5,1,23:00:00,Two-wheel motorcycle,0,U,1001495ChIJl9eAmnClfDURJkaMtQrmyt4,2019-12-5,1,23:00:00,테니스메트로 센터코트점 (송파),0,U,1001495ChIJmeuOIKelfDURfdzvvsnYyUU,2019-12-5,1,23:00:00,폴햄 롯데 잠실,0,U,1001495ChIJ-ZYySKelfDURAoqecjWuXZU,2019-12-5,1,23:00:00,Sulwhasoo,0,U,1001495ChIJ1emSIKelfDURaof-dB0FN8Q,2019-12-5,1,23:00:00,캠브리지롯데잠실점,0,U,1001495ChIJh7eTIKelfDUR5OTarJTYObk,2019-12-5,1,23:00:00,맨스타 롯데잠실,0,U,1001495ChIJh7eTIKelfDURnvx9iMejyfM,2019-12-5,1,23:00:00,데상트 롯데잠실점,0,U,1001495ChIJh7eTIKelfDURjTM9ScdnhMU,2019-12-5,1,23:00:00,커스텀멜로우 롯잠실,0,U,1001495ChIJh7eTIKelfDURv3ssy9AHzPw,2019-12-5,1,23:00:00,엠비오 롯데 잠실,0,U,1001495ChIJu2Z3JEqifDURp1fcG9iChRY,2019-12-5,1,23:00:00,The Soul by Jess,0,U,1001491ChIJtUfDMDWifDURQAjNNyqQ93E,2019-12-5,1,23:00:00,Café Stop,0,U,1001491ChIJOaKmmbOjfDURBjUAbWocxCc,2019-12-5,1,23:00:00,Dominic,0,U,1001491ChIJQVBhiLOjfDURggZfYqmquLw,2019-12-5,1,23:00:00,And Coffee Lab,0,U,1001491ChIJO_uFm7OjfDURH3ULjJYYuKg,2019-12-5,1,23:00:00,Anthracite Coffee Hannam,0,U,1001491ChIJd0pRlUqifDUR8nKBbppg80w,2019-12-5,1,23:00:00,포린푸드마트,0,U,1001491ChIJaUNnZEqifDURDHPzYZnM1fE,2019-12-5,1,23:00:00,Taco Amigo,0,U,1001491ChIJ07DggUqifDUREwrvSRio4Rw,2019-12-5,1,23:00:00,킹콩전자담배멀티샵,0,U,1001491ChIJ-ReCn7OjfDURMTrSsqa8WLQ,2019-12-5,1,23:00:00,비이커 한남플래그십스토어,0,U,1001491ChIJXXzeCrOjfDURDke-26_q-6Q,2019-12-5,1,23:00:00,BMeal,0,U,1001491ChIJxcB9QkqifDURIzHQPQlxnX4,2019-12-5,1,23:00:00,Baskin Robbins,0,U,1001491ChIJH5SKMTaifDURYRrmfALA5vM,2019-12-5,1,23:00:00,Nike Town Itaewon,0,U,1001491ChIJi9lrGUqifDURe7qQoJ2-5kQ,2019-12-5,1,23:00:00,Itaewon Nike Jordan Basketball,0,U,1001491ChIJpckJDLOjfDURCqDkltMP9c0,2019-12-5,1,23:00:00,cheeseflo,0,U,1001491ChIJUY9cgrOjfDURUD4hnWUnzYg,2019-12-5,1,23:00:00,Homer,0,U,1001491ChIJZ_jAYrOjfDURcKE33jiUhdw,2019-12-5,1,23:00:00,MAY BELL BAKERY,0,U,1001491ChIJq61MFkqifDURKVe0J4zvhWw,2019-12-5,1,23:00:00,쌤소나이트,0,U,1001491ChIJkcUSH0qifDUR_bGjB9ix3Bc,2019-12-5,1,23:00:00,젤라띠젤라띠 이태원점 Gelati Gelati,0,U,1001491ChIJDaUqEkqifDURG29A-HMvBOM,2019-12-5,1,23:00:00,Toms N Toms Coffee,0,U,1001491ChIJ0wA59kmifDUR_UdkTdGbWG0,2019-12-5,1,23:00:00,ABC마트 이태원점,0,U,1001491ChIJ9xEt5kqifDURgrJNFjgfOI8,2019-12-5,1,23:00:00,제이제이스 맨하탄,0,U,1001491ChIJTRQG-m6jfDURxVdsfmN5jWU,2019-12-5,1,23:00:00,FLOW hookah lounge,0,U,1001491ChIJ49JJZVGjfDUR--RFfnz-zwQ,2019-12-5,1,23:00:00,equus,0,U,1001491ChIJP7fxXkqifDUR9M8il-HSrgk,2019-12-5,1,23:00:00,Twosome Place,0,U,1001491ChIJdZGPbfSifDUR-ZWrFAMwcWU,2019-12-5,1,23:00:00,다이소 남대문시장점,0,U,1001492ChIJ6YVMuPGifDUReqs_mvaq4RI,2019-12-5,1,23:00:00,H&M Myeong dong Noon Square,0,U,1001492ChIJ6e5p0_GifDUR2S3EfpcljYY,2019-12-5,1,23:00:00,Angel in us coffee Myungdong,0,U,1001492ChIJPXDPifGifDURUEL87b3TI3k,2019-12-5,1,23:00:00,GS25 소공점,0,U,1001492ChIJG7rx5PCifDURT4p2PePCmKU,2019-12-5,1,23:00:00,SPAO,0,U,1001492ChIJqTiqUvCifDURaG4Kz5LRtZQ,2019-12-5,1,23:00:00,Sulbing,0,U,1001492ChIJP-rOdvGifDURwpvZ2tMsPVk,2019-12-5,1,23:00:00,Paik's Coffee,0,U,1001492ChIJB3adfvqifDURG5y_RMiTup8,2019-12-5,1,23:00:00,Daiso Myeongdong,0,U,1001492ChIJmfW5gPCifDUR_p5Yy66pxgQ,2019-12-5,1,23:00:00,Tous Les Jours,0,U,1001492ChIJqRLa4vCifDURM7MyAJ7PcBY,2019-12-5,1,23:00:00,Uniqlo Myeongdong,0,U,1001492ChIJ9XDV4O-ifDURKjI94KEc1h4,2019-12-5,1,23:00:00,Olive Young,0,U,1001492ChIJryrpnvSifDURiOvp-xMVXhw,2019-12-5,1,23:00:00,Hollys Coffee,0,U,1001492ChIJl6AbY_OifDURj7bAf-HEcsY,2019-12-5,1,23:00:00,GS25 북창점,0,U,1001492ChIJGxE-X_OifDURId1eD0hr8Fc,2019-12-5,1,23:00:00,Paris Baguette Cafe,0,U,1001492ChIJOwaWjPSifDURq6OwG3B7nmg,2019-12-5,1,23:00:00,SONY서비스센터 남대문점,0,U,1001492ChIJWeC7jPSifDURzixegUEDcIM,2019-12-5,1,23:00:00,Paris Baguette Cafe,0,U,1001492ChIJ____L_KifDUR4uEPzgnUO7w,2019-12-5,1,23:00:00,SAINT LAURENT,0,U,1001492ChIJi2l_6fOifDUROP0yk-mfz8s,2019-12-5,1,23:00:00,Bank of Korea Money Museum,0,U,1001492ChIJCSpc8vGifDURW1yAIr63t6w,2019-12-5,1,23:00:00,IWC Schaffhausen Boutique - Seoul Avenuel,0,U,1001492ChIJx3fNw_GifDUR6ZBGzXWhafQ,2019-12-5,1,23:00:00,명동 아이닥안경 (고도근시안경 누진다초점렌즈),0,U,1001492ChIJQ9UIcfCifDURL7nI-J5BNr4,2019-12-5,1,23:00:00,스타벅스 명동길점,0,U,1001492ChIJoY1oZvCifDURDKzruLYtCuU,2019-12-5,1,23:00:00,Stylenanda Pink Hotel - 3CE,0,U,1001492ChIJqXzVWSSjfDURig_MZO5DDOo,2019-12-5,1,23:00:00,Olive Young,0,U,1001492ChIJyzrhXvCifDURvmgi0Ozjv2E,2019-12-5,1,23:00:00,adidas Myeongdong Brand Center,0,U,1001492ChIJqWezFfCifDURyfjjZonPlHU,2019-12-5,1,23:00:00,Harmony Mart,0,U,1001492ChIJdRpvPPCifDUR1KQ7WBDtX7I,2019-12-5,1,23:00:00,Frisbee Myeongdong,0,U,1001492ChIJO_kBzvGifDURayMCbxaBp9c,2019-12-5,1,23:00:00,Interpark Book&Shop,0,U,1001492ChIJnckPVvGifDURagV9mH-SrE4,2019-12-5,1,23:00:00,adidas Originals Shop-in-Shop Seoul Shinsegae Myungdong,0,U,1001492ChIJuxf6ZPKifDUR4Ac1o3A5ggY,2019-12-5,1,23:00:00,M PIAZZA,0,U,1001492ChIJ78oSRvGifDURnEyoQIxUJRg,2019-12-5,1,23:00:00,Tom N Toms Coffee,0,U,1001492ChIJTW8E-PCifDURuuLsx1NGlII,2019-12-5,1,23:00:00,Beansbins Coffee,0,U,1001492ChIJsUp7V_CifDURCRYfUJoyHFs,2019-12-5,1,23:00:00,ÅLAND,0,U,1001492ChIJFS8YDNqjfDURwd4oAGzyg7o,2019-12-5,1,23:00:00,安い化粧品屋さん,28,U,1001493ChIJ5cILsT6jfDUR5-iPXPMzDNM,2019-12-5,1,23:00:00,The Mask Shop,28,U,1001493ChIJc7Pt9DujfDUROa0aZpjr7pU,2019-12-5,1,23:00:00,동대문 도매상가 벨포스트,0,U,1001493ChIJ8f45iTujfDURpHfdDS4DuUc,2019-12-5,1,23:00:00,Jeil Pyunghwa Clothing Market,4,U,1001493ChIJsU_2tjyjfDURAqCUytJngrQ,2019-12-5,1,23:00:00,파스텔,18,U,1001493ChIJrVUkID2jfDUR4beVtkE2PwA,2019-12-5,1,23:00:00,DANK,0,U,1001493ChIJ_XPyXCOjfDURI2iMHXWG8KM,2019-12-5,1,23:00:00,우림인터내셔널,0,U,1001493ChIJ8T7vpDyjfDURtXEg_scLkE0,2019-12-5,1,23:00:00,NO BRAND,0,U,1001493ChIJ3c_8uHyjfDURS3J-KqbQo_w,2019-12-5,1,23:00:00,커피베이 동대문쇼핑몰점,0,U,1001493ChIJfaEVqT6jfDURM23z9uEwhPo,2019-12-5,1,23:00:00,GS25 동대문쇼핑몰점,0,U,1001493ChIJa81AiTujfDURneGQNrzu0rw,2019-12-5,1,23:00:00,인스타일,4,U,1001493
ChIJS1TPDq2lfDURmwOS5a-VQME,2019-12-5,1,23:00:00,Coffee Buy Roasters,0,R,1001480
ChIJH1qeCheefDURKJVB0fwMpXU,2019-12-5,1,23:00:00,녹원BYC,43,R,1001418
ChIJw00VJvadfDURUSvgXSrOWNA,2019-12-5,1,23:00:00,이마트 에브리데이 개봉점,0,R,1001421
ChIJGZmBb4qdfDURgWVz_oM-Mqw,2019-12-5,1,23:00:00,투썸플레이스오류역점,0,R,1001422
ChIJbSlq2zSgfDURnnmkXNX2sD8,2019-12-5,1,23:00:00,홈플러스익스프레스 남성점,0,R,1001450
ChIJC6tcxPyefDURetUuiSwbTJ4,2019-12-5,1,23:00:00,부엉이맥주집,0,R,1001430
ChIJe8e-fPuefDURMskY-KDtHx8,2019-12-5,1,23:00:00,Starbucks,0,R,1001430
ChIJkYLVYvuefDURpay0tBo5dqs,2019-12-5,1,23:00:00,Shinsegae Department Store - Yeongdeungpo Branch,0,R,1001430
ChIJsWzPYvuefDUROMYxdn8m8xA,2019-12-5,1,23:00:00,캘빈클라인 언더웨어 신세계백화점 영등포점,0,R,1001430
ChIJsWzPYvuefDURZpZgXUA5UBk,2019-12-5,1,23:00:00,캘빈클라인 진 신세계백화점 영등포점,0,R,1001430
ChIJS8EhouKefDURRjk3s-98OSA,2019-12-5,1,23:00:00,하이모 영등포지점,0,R,1001430
ChIJqV1GXvyefDURxZQlblBCagk,2019-12-5,1,23:00:00,고려당 롯데영등포점,0,R,1001430
ChIJt0BDX_yefDUR_faHUc4ys8E,2019-12-5,1,23:00:00,베스띠벨리롯데영등포점,0,R,1001430
ChIJxV0U9vyefDURMw1ZJpIyIvI,2019-12-5,1,23:00:00,Lotte Department Store Yeongdeungpo,0,R,1001430
ChIJ_VOCWfuefDURW2W-IFFMTiA,2019-12-5,1,23:00:00,다이소 영등포본점,0,R,1001430
ChIJt0BDX_yefDUROLDq9xKDdEs,2019-12-5,1,23:00:00,블랙앤화이트롯데영등포점,0,R,1001430
ChIJRS47b_yefDUREjqJVI-QNOk,2019-12-5,1,23:00:00,이즈나나 롯데백화점 영등포점,0,R,1001430
ChIJqV1GXvyefDURzGhrTIrMcsA,2019-12-5,1,23:00:00,인디안롯데영등포점,0,R,1001430
ChIJe6ydYPyefDURRHQt4L6S5Ac,2019-12-5,1,23:00:00,캘빈클라인 진 롯데백화점 영등포점,0,R,1001430
ChIJt0BDX_yefDURcSadqVLmLIs,2019-12-5,1,23:00:00,MCM롯데영등포점,0,R,1001430
ChIJszWMBeWffDURpAFQjwTuOXg,2019-12-5,1,23:00:00,아트몬스터 영등포점,0,R,1001430
ChIJqV1GXvyefDURCeU5YsVn5gA,2019-12-5,1,23:00:00,중앙약국,0,R,1001430
ChIJW7lTX_yefDURtEIZt54qROA,2019-12-5,1,23:00:00,나이키 롯데영등포점,0,R,1001430
ChIJUaOwXfuefDURLoqqIwW1zMQ,2019-12-5,1,23:00:00,예산피제이경방타임스퀘어,0,R,1001430
ChIJzyfiXuOefDURPP_UR9e2hzs,2019-12-5,1,23:00:00,Beautiful Store Yeongdeungpo,0,R,1001430
ChIJIYYwXPuefDUR8PvSLK21bX8,2019-12-5,1,23:00:00,E-Mart Yeongdeungpo Branch,0,R,1001430
ChIJRwIIpvuefDURF4i65diMf6Q,2019-12-5,1,23:00:00,"KYOBO Book Centre, Yeongdeungpo",0,R,1001430
ChIJBcw-EtyffDURLAH6jQuYfGU,2019-12-5,1,23:00:00,홀리카홀리카 이마트 영등포점,0,R,1001430
ChIJzw1EGouffDUR3Vd4rDv2QIw,2019-12-5,1,23:00:00,영등포 전자담배 베이프로 Vapero,0,R,1001430
ChIJ50psXvyefDURw5NzFufktKA,2019-12-5,1,23:00:00,포숑 롯데영등포점,0,R,1001430
ChIJr51AX_yefDURFH1tGvCPMEE,2019-12-5,1,23:00:00,스프리스 롯데영등포점,0,R,1001430
ChIJ0w5DX_yefDURdQtzh4qBXAk,2019-12-5,1,23:00:00,엘르골프 롯데영등포점,0,R,1001430
ChIJr51AX_yefDURZeax1ijUEO0,2019-12-5,1,23:00:00,맨스타 롯데영등포,0,R,1001430
ChIJ0w5DX_yefDURWoxeZfrb1qU,2019-12-5,1,23:00:00,NEPA 롯데영등포점,0,R,1001430
ChIJqV1GXvyefDUR-CVEGO8_0CQ,2019-12-5,1,23:00:00,예스 롯데영등포점,0,R,1001430
ChIJt3iSL3WhfDUR1qs3f81Hzv0,2019-12-5,1,23:00:00,중앙할인마트 봉천점,0,R,1001457
ChIJrfAE4zyZfDURmJ9rmPHctdE,2019-12-5,1,23:00:00,다농마트 상암점,0,R,1001393
ChIJxzV7B3iifDURJ1PDWqymQ64,2019-12-5,1,23:00:00,The CRAFT,0,R,1001385
ChIJozS28cSYfDURk3pWr1Bz4sk,2019-12-5,1,23:00:00,Homi Art Shop,0,R,1001387
ChIJMZDvqCiZfDURN4Xauo5INx4,2019-12-5,1,23:00:00,다이소 망원점 ダイソー daiso,0,R,1001390
ChIJeaF70yWZfDURq9vm7SiAP0o,2019-12-5,1,23:00:00,아가방 망원,0,R,1001391
ChIJA6Vdxce_fDURQHHqdipnSPk,2019-12-5,1,23:00:00,도깨비시장 형제닭집,0,R,1001364
ChIJkfLXPOSjfDURNRnT5Lc2FA8,2019-12-5,1,23:00:00,원광한약국,0,R,1001471
ChIJv3YjwvivfDURNuD4EYgW0Js,2019-12-5,1,23:00:00,시장약국,0,R,1001488
ChIJS4tHvle6fDURGKhNTn4qnsE,2019-12-5,1,23:00:00,애터미atomy,0,R,1001330
ChIJY0eLGKi8fDURwV7D6F73AjQ,2019-12-5,1,23:00:00,우리약국,0,R,1001314
ChIJrdTioaq7fDUR6gr7lqncfno,2019-12-5,1,23:00:00,7-Eleven,0,R,1001320
ChIJzfLbDfWifDURnJvO-r-c3tk,2019-12-5,1,23:00:00,서울원아동복,0,R,1001273
ChIJWeC7jPSifDURzixegUEDcIM,2019-12-5,1,23:00:00,Paris Baguette Cafe,0,R,1001273
ChIJOwaWjPSifDURq6OwG3B7nmg,2019-12-5,1,23:00:00,SONY서비스센터 남대문점,0,R,1001273
ChIJsSfkAvSifDUR_flOoSPmbZI,2019-12-5,1,23:00:00,Shinsegae Duty Free,0,R,1001273
ChIJRaHeqfaifDURk7rYwufXWjw,2019-12-5,1,23:00:00,Paul Bassett,0,R,1001273
ChIJeT3PAvSifDUR48kbxGiIWcs,2019-12-5,1,23:00:00,Arc'teryx Shinsegae Main Store,0,R,1001273
ChIJscmpVfGifDUR2KXdnTmzErw,2019-12-5,1,23:00:00,Biotem,0,R,1001273
ChIJnckPVvGifDURagV9mH-SrE4,2019-12-5,1,23:00:00,adidas Originals Shop-in-Shop Seoul Shinsegae Myungdong,0,R,1001273
ChIJdZGPbfSifDUR-ZWrFAMwcWU,2019-12-5,1,23:00:00,다이소 남대문시장점,0,R,1001273
ChIJjVbbJfSifDURbFH-qsMUktA,2019-12-5,1,23:00:00,Starbucks,0,R,1001273
ChIJ_XPyXCOjfDURI2iMHXWG8KM,2019-12-5,1,23:00:00,우림인터내셔널,0,R,1001276
ChIJ8T7vpDyjfDURtXEg_scLkE0,2019-12-5,1,23:00:00,NO BRAND,0,R,1001276
ChIJG_kFt72ifDURBbw5dG9tHiU,2019-12-5,1,23:00:00,Hyoja Bakery,0,R,1001264
ChIJT4ufVy-jfDURp7uVlPNYDKE,2019-12-5,1,23:00:00,세븐일레븐,0,R,1001268
ChIJoekAMDaifDURrtiKlFG2-7A,2019-12-5,1,23:00:00,Fila flagship,0,R,1001291
ChIJDRZbJTaifDURMUPXrBAI0Is,2019-12-5,1,23:00:00,QUEEN EXPORT,14,R,1001291
ChIJ-_Kgf-2ifDURBgoGideqLsA,2019-12-5,1,23:00:00,Itaewon Market,0,R,1001291
ChIJl6gnyEiifDURLSvt0GmFNLA,2019-12-5,1,23:00:00,더부스 경리단점 (The Booth Gyeonglidan),0,R,1001292
ChIJDW1Ht0iifDUR5u11segN7d4,2019-12-5,1,23:00:00,The Bakers Table,0,R,1001292
ChIJqRibBMe8fDURB9-mcLSDQHw,2019-12-5,1,23:00:00,Lotte Super dongsomun points,0,R,1001338
ChIJP9SWZwehfDUR9kGYFqtovj0,2019-12-5,1,23:00:00,Starbucks,0,D,1001034
ChIJ81vs4KmhfDURmPQxSXfYyJw,2019-12-5,1,23:00:00,현석주얼리,0,D,1001034
ChIJ25C-F7KmfDURPjE0kcYRi1E,2019-12-5,1,23:00:00,GS25 도곡점,0,D,1001035
ChIJDfGIHqGffDURarh8HEJlVsM,2019-12-5,1,23:00:00,파리바게뜨 신대방삼거리역점,0,D,1001072
ChIJteU-CKGffDURl-0FhK6FWW8,2019-12-5,1,23:00:00,시간을들이다 상도동본점,0,D,1001072
ChIJdZYFV6CffDURZkLbNrvXSiU,2019-12-5,1,23:00:00,빽다방 신대방삼거리점,0,D,1001072
ChIJQZTs22ihfDUREbAEg7SCFQE,2019-12-5,1,23:00:00,달무티 교대점,0,D,1001063
ChIJXSpCv2ihfDURT8HxTqwYYGU,2019-12-5,1,23:00:00,CU 삼풍중앙점,0,D,1001063
ChIJvT2aWmihfDURJPgKhqJlW-A,2019-12-5,1,23:00:00,파리크라상 교대점,0,D,1001063
ChIJo52D32ihfDURxAT-ooW6B64,2019-12-5,1,23:00:00,Seven Bricks Coffee,0,D,1001063
ChIJhVJwV2ihfDURflfnv_k1jio,2019-12-5,1,23:00:00,LOTTE Premium Food Market (LOTTE Super Seocho),0,D,1001063
ChIJpyEJVGihfDURxUWbLW3V1fY,2019-12-5,1,23:00:00,No Brand,0,D,1001063
ChIJwYM0eECefDURh8ZAuFjjQic,2019-12-5,1,23:00:00,오휘 구로지사,42,D,1001064
ChIJGzrYh6ihfDUREFW2UmD1U4k,2019-12-5,1,23:00:00,한성자동차(주),0,D,1001125
ChIJb91uHs-dfDURGaaVPBVpRr8,2019-12-5,1,23:00:00,다이소 신정네거리점 ダイソー daiso,0,D,1001126
ChIJs9SlX3qkfDURHD4m0FVnMWc,2019-12-5,1,23:00:00,백작바이피렌체 본점 청담,0,D,1001129
ChIJJZGi5XqkfDUR7hcvj_Mq-YQ,2019-12-5,1,23:00:00,STAUDIO,0,D,1001129
ChIJTdVnGHukfDURgVZDsdeFXdI,2019-12-5,1,23:00:00,미니스톱 청담점,0,D,1001133
ChIJPQSiNTyffDUR9K76DSLqVBM,2019-12-5,1,23:00:00,Olive Young,0,D,1001134
ChIJf1IvP-ujfDURriB-Yp3rF8Y,2019-12-5,1,23:00:00,DECIEM The Abnormal Beauty Company,0,D,1001135
ChIJL6OFO-ujfDURotBW0uP1Jj4,2019-12-5,1,23:00:00,아이코스 스토어 가로수길점,0,D,1001135
ChIJ29yPWuujfDURHZMKYWGLEFs,2019-12-5,1,23:00:00,VILLAGE 11 FACTORY,0,D,1001135
ChIJ1-RKFOujfDURI_4OlIJWCVU,2019-12-5,1,23:00:00,Rapha Seoul Clubhouse,0,D,1001135
ChIJt-YxMeujfDUR-pPjzM6-Iwk,2019-12-5,1,23:00:00,3CE CINEMA (stylenanda),0,D,1001135
ChIJp4EIJeujfDURpB1tJCLTGJY,2019-12-5,1,23:00:00,GENTLE MONSTER PARALLEL,0,D,1001135
ChIJLW4iVeujfDURE4y8olTf4EY,2019-12-5,1,23:00:00,Villa Soohyang Seoul,0,D,1001135
ChIJX-NKPJOjfDURopwFpMS8u9w,2019-12-5,1,23:00:00,Zara,0,D,1001135
ChIJPx7lv5SjfDUR-Sd4NkD4whQ,2019-12-5,1,23:00:00,Åland,0,D,1001135
ChIJRxWJ9eqjfDURlD2G08_bhiE,2019-12-5,1,23:00:00,PAZ PEACE CAKE shop,0,D,1001135
ChIJay6hO-2jfDURjmO-YFvkfog,2019-12-5,1,23:00:00,Lotte Hi-Mart Apgujeong,0,D,1001135
ChIJseGTPO2jfDURolT6xFLRSl4,2019-12-5,1,23:00:00,마세라티 강남서비스센터,0,D,1001135
ChIJF3d2tpOjfDUR2YGX-IfaaXY,2019-12-5,1,23:00:00,Hanscake(Apgujeong),0,D,1001135
ChIJJ67JGJOjfDURajKhsolRVY4,2019-12-5,1,23:00:00,ENTARO COFFEE COMPANY,0,D,1001135
ChIJ4SNlWJKjfDURd6xG2_GD5Yg,2019-12-5,1,23:00:00,Patio 42,0,D,1001135
ChIJxd_nR5KjfDURWodb88rshXY,2019-12-5,1,23:00:00,Tom N Toms Coffee,0,D,1001135
ChIJRWiABJOjfDUR4dwGseKsf0U,2019-12-5,1,23:00:00,나연한복,5,D,1001135
ChIJLyk3uOujfDURQAOzWAmXoxo,2019-12-5,1,23:00:00,Garosu Brewing Company,0,D,1001135
ChIJZ42rKpOjfDURSPWtpKqBs_E,2019-12-5,1,23:00:00,프로젝트 프로덕트 (PROJEKT PRODUKT),0,D,1001135
ChIJ446xn-yjfDURVVCxKKN1r8Q,2019-12-5,1,23:00:00,Scuro,0,D,1001135
ChIJA-nV1YujfDURDXVy8luGJKk,2019-12-5,1,23:00:00,Boaenna,5,D,1001135
ChIJVRvTlJSjfDURuUxIW70vr7U,2019-12-5,1,23:00:00,MANGO,0,D,1001135
ChIJTzEDmpSjfDURuQxHdYkduXA,2019-12-5,1,23:00:00,CU,5,D,1001135
ChIJxav0O2mjfDURm4saDht7rw4,2019-12-5,1,23:00:00,Mang-Go,5,D,1001135
ChIJky3yOuujfDURg-6TuvZcidE,2019-12-5,1,23:00:00,GENTLE MONSTER SINSA FLAGSHIP STORE,0,D,1001135
ChIJZdtYZuujfDUROXiByn4g4Vs,2019-12-5,1,23:00:00,Dore Dore,0,D,1001135
ChIJXYdUyJSjfDURgbPQbtuXw0s,2019-12-5,1,23:00:00,Zara Home,0,D,1001135
ChIJy_UUQJKjfDURwYrmugi66j8,2019-12-5,1,23:00:00,스타벅스 압구정미소점,0,D,1001135
ChIJ6bTEzqqmfDURdJVs40gCo2c,2019-12-5,1,23:00:00,Filter Space in Seoul Dr Jart Flagship Store,0,D,1001135
ChIJcRJqmuyjfDURC9ndoyDK45g,2019-12-5,1,23:00:00,BASSANG(바생),5,D,1001135
ChIJxxKZGO2jfDURMP_ts7sVWYs,2019-12-5,1,23:00:00,"Volvo Exhibition Centre (Shinsa, Gangnam branch)",0,D,1001135
ChIJJy4X4ZKjfDURbZYs59OA45g,2019-12-5,1,23:00:00,Aleutti,5,D,1001135
ChIJubri4JKjfDURMVzK-Svazc8,2019-12-5,1,23:00:00,Yulitta,5,D,1001135
ChIJoVkidpSifDURz7dskBGDoeg,2019-12-5,1,23:00:00,B. Patisserie,0,D,1001135
ChIJDVtdCnmkfDUROtns_WAdMt4,2019-12-5,1,23:00:00,메이앤리,0,D,1001138
ChIJwzk6d3mkfDURL1tTQIKSybk,2019-12-5,1,23:00:00,Suitsupply Seoul,0,D,1001138
ChIJ682M83ekfDURoIxAwbdHIO8,2019-12-5,1,23:00:00,Resolver Cigar Bar & Cigar Shop,0,D,1001138
ChIJ2ZZV03ukfDUR57MtlSCJIdQ,2019-12-5,1,23:00:00,브라이덜 공/bridalkong,0,D,1001138
ChIJnah07nekfDUR0iSXqAn5Eho,2019-12-5,1,23:00:00,GUILLAUME,0,D,1001138
ChIJn17RU3ikfDUR0MFP_wFFHx0,2019-12-5,1,23:00:00,CHROME HEARTS,0,D,1001138
ChIJZUjBYHmkfDURoL38ntzcqt4,2019-12-5,1,23:00:00,Casa del Vino,0,D,1001138
ChIJz-cz73mkfDUR-o5tB9xl0V8,2019-12-5,1,23:00:00,메종레브,0,D,1001138
ChIJzRPM_4ujfDURn9FzCGO9k_c,2019-12-5,1,23:00:00,마이도우터스웨딩,0,D,1001138
ChIJeYR2dnmkfDURLbMixPu6zoE,2019-12-5,1,23:00:00,Bape Chungdam,0,D,1001138
ChIJrccHecGffDURcpX2CGDHtOs,2019-12-5,1,23:00:00,AGGUN(에이지건),0,D,1001139
ChIJ1VSV-I2jfDUR9ChvyDg94e4,2019-12-5,1,23:00:00,A Twosome Place,0,D,1001140
ChIJzR4reZKjfDURKLmL8RXVM2o,2019-12-5,1,23:00:00,Pillaseu,4,D,1001140
ChIJt7pea46jfDUR25OrqUf9Y_U,2019-12-5,1,23:00:00,Cafe Marie,0,D,1001140
ChIJ0-ECQI6jfDURhTDwEBjAofY,2019-12-5,1,23:00:00,규중칠우,4,D,1001140
ChIJZ4hgfJKjfDURNV4qsgp7CK8,2019-12-5,1,23:00:00,Mongdeudeu,4,D,1001140
ChIJd4StpwyjfDURhzHTrWv1qXQ,2019-12-5,1,23:00:00,Blue Bottle Coffee Apgujeong Cafe,0,D,1001140
ChIJBxOsvrmjfDURxcm51xO1BaY,2019-12-5,1,23:00:00,公主韓服,0,D,1001236
ChIJUeNPesSifDUR2kp3ulq1tNE,2019-12-5,1,23:00:00,알이토프(Retoffe),0,D,1001236
ChIJESKZse67fDURY7U2d7H-4dU,2019-12-5,1,23:00:00,베네피트롯데백화점청량리점,0,D,1001238
ChIJcUwUBFu7fDURJykB9SuDeZI,2019-12-5,1,23:00:00,미니골드 롯데백화점 청량리점,0,D,1001238
ChIJ_QUPTVq7fDUR-YEMeI3FNQk,2019-12-5,1,23:00:00,압소바 롯데청량리점,0,D,1001238
ChIJxSfBCFu7fDURtTW3hn268Ss,2019-12-5,1,23:00:00,Toys R Us,5,D,1001238
ChIJtf1Mj7q7fDURMvHEXlkz5es,2019-12-5,1,23:00:00,르꼬끄골프 롯데백화점 청량리,0,D,1001238
ChIJc47RPFq7fDUR7qDEhZuNk1w,2019-12-5,1,23:00:00,Lotte Department store at Cheongnyangni,0,D,1001238
ChIJ8Wi18Vm7fDUR4EygKlYSfLQ,2019-12-5,1,23:00:00,다이소 청량리점 ダイソー daiso,0,D,1001238
ChIJG5gDtB27fDUR5z0TY1AU_qM,2019-12-5,1,23:00:00,데상트골프 롯데청량리(Descente golf),0,D,1001238
ChIJf1fgnye7fDURKblpad1yNnU,2019-12-5,1,23:00:00,Patgodang,0,D,1001238
ChIJq83hrlu7fDURSfq39HCXfII,2019-12-5,1,23:00:00,Kyobo Book Center Cheongryangri right Dream Center,0,D,1001238
ChIJZfglU0G7fDURRkphBYPVMi8,2019-12-5,1,23:00:00,Lotte Mart Cheongnyangni,0,D,1001238
ChIJKbFYkhKZfDURYUQGIbXFNuo,2019-12-5,1,23:00:00,투썸상암E&M센터점,0,D,1001239
ChIJScl5hRKZfDURaxCiL03Vv1k,2019-12-5,1,23:00:00,MYCT CJ E&M CENTER,0,D,1001239
ChIJt4M3uHKZfDURnN-awwM3N_M,2019-12-5,1,23:00:00,Starbucks,0,D,1001239
ChIJhy-iiyyjfDURdMJDQG5ZIkc,2019-12-5,1,23:00:00,10x10,0,D,1001240
ChIJDZ24wa2jfDURIsfYEBcONpU,2019-12-5,1,23:00:00,어쩌다 산책,0,D,1001240
ChIJBV9ehYejfDURa9MqsberpMo,2019-12-5,1,23:00:00,Cofioca,0,D,1001141
ChIJky1utmmkfDURnOBn3K9G-rA,2019-12-5,1,23:00:00,SPLENDINO,0,D,1001141
ChIJreJhZYijfDURzYxyKUwGTJQ,2019-12-5,1,23:00:00,Carhartt WIP Store Seoul Apgujeong,0,D,1001141
ChIJ6RTvJIajfDURrn8FH_PXNgA,2019-12-5,1,23:00:00,강남타투 잉커드에스 inkeds tattoo,0,D,1001141
ChIJ-yiwZ-ijfDUR9ip-SA2XrjI,2019-12-5,1,23:00:00,Seoul Ink Tattoo Studio,0,D,1001141
ChIJF2lluIejfDURVdkKFutRd_0,2019-12-5,1,23:00:00,adidas Originals Seoul Flagship Store (apgujeong),0,D,1001141
ChIJ1cObioejfDUR39hN4b5mw28,2019-12-5,1,23:00:00,lululemon,0,D,1001141
ChIJJcn0voijfDURGpMHrLRZDV0,2019-12-5,1,23:00:00,STUSSY,0,D,1001141
ChIJfXAjm4ejfDURO9ZHyfTF3S0,2019-12-5,1,23:00:00,Daily Beer (Apgujeong),0,D,1001141
ChIJHd_53IejfDURSrLbv9imJ0w,2019-12-5,1,23:00:00,웍스아웃 압구정 (WORKSOUT APGUJEONG),0,D,1001141
ChIJT4ZSZXikfDURMa74CahMtrE,2019-12-5,1,23:00:00,Capezio,0,D,1001141
ChIJXSCIOoajfDURWoj4azH8PHo,2019-12-5,1,23:00:00,Bonne Nouvelle,0,D,1001141
ChIJEWGVt-6efDUR7-0S6-92X-8,2019-12-5,1,23:00:00,No Brand,0,D,1001142
ChIJl_gQmhmifDUR5m3VgPeE6wI,2019-12-5,1,23:00:00,영재컴퓨터,0,D,1001143
ChIJkYxie8GjfDURXUvkx8bQAUI,2019-12-5,1,23:00:00,Wilokkoch,9,D,1001143
ChIJ-bOUslSjfDURz7ohCpYJ3VY,2019-12-5,1,23:00:00,Trattoria Villa de LA VINO (빌라 드 라비노),0,D,1001146
ChIJRcgKHhqjfDURHWLvVVcbdmQ,2019-12-5,1,23:00:00,히말라야아이즈,0,D,1001146
ChIJEdQ5cjaifDURNWyngSPZToU,2019-12-5,1,23:00:00,Adell,0,D,1001146
ChIJVXakCEqifDURPTMVvLBDWH4,2019-12-5,1,23:00:00,Sunny ink studio - tattoo shop,0,D,1001146
ChIJ6fRLETaifDURUq4WCgQ4_IY,2019-12-5,1,23:00:00,Gug-Ilsa,0,D,1001146
ChIJB7VVIzaifDURQ_y3TfOKFdw,2019-12-5,1,23:00:00,심플이태원,0,D,1001146
ChIJbQMNFzaifDURimOfW59uj3k,2019-12-5,1,23:00:00,Bishop,0,D,1001146
ChIJz4aszbCjfDURMBTLMXNaJIs,2019-12-5,1,23:00:00,Paris Baguette - Hannam,0,D,1001149
ChIJb97eQCqjfDURA_ZHxAzxHCw,2019-12-5,1,23:00:00,Daiso Hyehwa,0,D,1001241
ChIJJTxmOyqjfDUR2kfTyv8yr0I,2019-12-5,1,23:00:00,알라딘 중고서점 대학로점,0,D,1001242
ChIJzYVakSujfDURZcV4WfInlIE,2019-12-5,1,23:00:00,Coffine Gurunaru Daehak-ro,0,D,1001242
ChIJEa5Gi0C7fDURY5dyBbDU6Po,2019-12-5,1,23:00:00,Happiness Dessert 해피니스 디저트 妖开心甜品,0,D,1001244
ChIJSQ_pROGifDURLE8soyL4ZIM,2019-12-5,1,23:00:00,Paris Baguette Café,0,D,1001204
ChIJLRiE_eOifDUR2xVRGH8DrA0,2019-12-5,1,23:00:00,마하테크,0,D,1001204
ChIJd3vXfP-vfDUR9DoLsYQL658,2019-12-5,1,23:00:00,훼미리마트 천호역점,0,D,1001157
ChIJaUNnZEqifDURDHPzYZnM1fE,2019-12-5,1,23:00:00,Taco Amigo,0,D,1001150
ChIJxcB9QkqifDURIzHQPQlxnX4,2019-12-5,1,23:00:00,Baskin Robbins,0,D,1001150
ChIJu2Z3JEqifDURp1fcG9iChRY,2019-12-5,1,23:00:00,The Soul by Jess,0,D,1001150
ChIJn-8jV0qifDURbUHEp_toTWA,2019-12-5,1,23:00:00,프란시스,0,D,1001150
ChIJ9xEt5kqifDURgrJNFjgfOI8,2019-12-5,1,23:00:00,제이제이스 맨하탄,0,D,1001150
ChIJTRQG-m6jfDURxVdsfmN5jWU,2019-12-5,1,23:00:00,FLOW hookah lounge,0,D,1001150
ChIJeRTqLR6jfDURzvokQe_3TjI,2019-12-5,1,23:00:00,LINE FRIENDS Cafe and Store,0,D,1001150
ChIJP7fxXkqifDUR9M8il-HSrgk,2019-12-5,1,23:00:00,Twosome Place,0,D,1001150
ChIJ-W6udMOefDUR_VyJbcX_Svw,2019-12-5,1,23:00:00,아덴바이크,0,D,1001153
ChIJY9usQwWifDUR4xtHwAeZbVo,2019-12-5,1,23:00:00,Compuzone,0,D,1001155
ChIJS7K4CP-vfDURAxoqoW6aYS4,2019-12-5,1,23:00:00,LG전자서비스센터 강동점,0,D,1001156
ChIJI7R2AY2jfDURne7hkW687FM,2019-12-5,1,23:00:00,렉서스 도산대로 전시장,0,D,1001120
ChIJD2nJEY2jfDURk1ykEj1qJ2I,2019-12-5,1,23:00:00,쎄덱(SEDEC),0,D,1001120
ChIJKYHZ_F-jfDUR_40VICw04tQ,2019-12-5,1,23:00:00,CADILLAC HOUSE SEOUL,0,D,1001120
ChIJfzajpe2ifDURYWKnoGMYY24,2019-12-5,1,23:00:00,Starbucks,0,D,1001209
ChIJA7c8JWKjfDUR206Y5h70iXw,2019-12-5,1,23:00:00,Indie Beer Factory,0,D,1001210
ChIJsU_2tjyjfDURAqCUytJngrQ,2019-12-5,1,23:00:00,파스텔,14,D,1001211
ChIJ6wgNtuiifDUR-UvZYgUfAe4,2019-12-5,1,23:00:00,Craft Hans Jonggak,0,D,1001213
ChIJg9y7y-iifDURJdiOwOYa1W4,2019-12-5,1,23:00:00,Hollys Coffee,0,D,1001213
ChIJuwSn6eiifDURJl6QuQ1wVTo,2019-12-5,1,23:00:00,Starbucks,0,D,1001213
ChIJQRWFw9yifDURUlelSZv68mM,2019-12-5,1,23:00:00,Aladdin Used Bookstore jongrojeom,0,D,1001213
ChIJedDgSumifDURnOlaQDnoZMs,2019-12-5,1,23:00:00,Youngpoong Bookstore Jongno,0,D,1001214
ChIJU0z82eyifDUR1AoQ7xHjmcg,2019-12-5,1,23:00:00,루이비통 서울동화면세점,0,D,1001215
ChIJS8EhouKefDURRjk3s-98OSA,2019-12-5,1,23:00:00,하이모 영등포지점,0,D,1001121
ChIJb4NIkuikfDURjKDyl7ZyI3M,2019-12-5,1,23:00:00,르샵 롯데건대스타시티점,0,D,1001161
ChIJ45WEZ_-lfDUR_GuuKGidH6U,2019-12-5,1,23:00:00,아트박스 스타시티,0,D,1001161
ChIJyf4tjOikfDURT96LHyldoIA,2019-12-5,1,23:00:00,Lotte Department Store,0,D,1001161
ChIJq1kJIuakfDURMJjijr6zAUI,2019-12-5,1,23:00:00,시리즈 롯데스타시티,0,D,1001161
ChIJb4NIkuikfDURNTWhVvNquC4,2019-12-5,1,23:00:00,비비안 롯데백화점 스타시티점,0,D,1001161
ChIJb4NIkuikfDURVM_i9a9q030,2019-12-5,1,23:00:00,헤드 건대스타시티,0,D,1001161
ChIJb4NIkuikfDURVThwt_w7Vqw,2019-12-5,1,23:00:00,엠비오 롯데스타시티,0,D,1001161
ChIJb4NIkuikfDURJP85NLm51WE,2019-12-5,1,23:00:00,코오롱스포츠 롯데스타시티점,0,D,1001161
ChIJb4NIkuikfDURI2_htcIYHxU,2019-12-5,1,23:00:00,K-SWISS 롯데스타시티,0,D,1001161
ChIJb4NIkuikfDURlToR08lVOHE,2019-12-5,1,23:00:00,데상트 롯데백화점스타시티,0,D,1001161
ChIJRymNjuikfDURddGDxWw60pQ,2019-12-5,1,23:00:00,노스페이스 롯데 스타시티점,0,D,1001161
ChIJMbwmE26cfDURIraIzP1vVNU,2019-12-5,1,23:00:00,PAT 강서NC점,0,D,1001194
ChIJDWB-DW6cfDURrjylDga8_Dg,2019-12-5,1,23:00:00,튜브 NC강서점,0,D,1001194
ChIJ3W-aEm6cfDURJJkfulObOyg,2019-12-5,1,23:00:00,슈펜 강서NC점,0,D,1001194
ChIJDWB-DW6cfDURujKueLymiow,2019-12-5,1,23:00:00,NC백화점 강서점,0,D,1001194
ChIJnRZwpGuifDURxHhLtQ0Q9gI,2019-12-5,1,23:00:00,금강제화상설매장 남영점,0,D,1001168
ChIJE9QNSGuifDURgb4Zb20YhGY,2019-12-5,1,23:00:00,Krispy Kreme,0,D,1001168
ChIJDzO0vmuifDUR938qPn5tRaU,2019-12-5,1,23:00:00,Starbucks (Sookmyung Women's University Station Branch),0,D,1001168
ChIJY1PuFWuifDURXoEfXJ3CV-k,2019-12-5,1,23:00:00,다이소 남영역점,0,D,1001168
ChIJ-RPyEWuifDUR6xuvD-mhFGQ,2019-12-5,1,23:00:00,Angel-in-us,0,D,1001168
ChIJJ8uefEiifDURXqk469WCXt0,2019-12-5,1,23:00:00,Chans Bros,0,D,1001169
ChIJ355Ye0iifDURZiz_N-RuV1E,2019-12-5,1,23:00:00,Roof561,0,D,1001169
ChIJ-WQr5DmjfDUR9lRdMDBwt-A,2019-12-5,1,23:00:00,승진완구,0,D,1001220
ChIJOYJ1WjqjfDURpD-7EAe8gWU,2019-12-5,1,23:00:00,CU Dongdaemun Branch,0,D,1001220
ChIJA7WocJGifDURiNzw-6T1A1o,2019-12-5,1,23:00:00,심플리커피,0,D,1001223
ChIJsXjnvZaifDURyj1TUKkoJhU,2019-12-5,1,23:00:00,Starbucks,0,D,1001223
ChIJR3Q8oJSifDUR-3GLBi3Gx_c,2019-12-5,1,23:00:00,카페자스 광화문,0,D,1001223
ChIJ2WtXypCifDUR7CcvxO5pJn8,2019-12-5,1,23:00:00,서서울농협 하나로마트 사직점,0,D,1001223
ChIJA3_W7JVrMhURUlozmc4p7yA,2019-12-5,1,23:00:00,Namusairo Coffee,0,D,1001223
ChIJcZLacZSifDURVzI2cG2iO78,2019-12-5,1,23:00:00,Paul and Paulina,0,D,1001223
ChIJm4l07ZOifDURsuQvan8FtUM,2019-12-5,1,23:00:00,커피투어 경희궁점 Coffee Tour Roasters (1st),0,D,1001223
ChIJreyKjJSifDURlM1YJez0Z1g,2019-12-5,1,23:00:00,Paul & Paulina,0,D,1001223
ChIJBdwbMJSifDURwXDbWECyabc,2019-12-5,1,23:00:00,The Hand and Malt Taproom,0,D,1001223
ChIJTQ3DgkyjfDUR9ngFIQzVLsw,2019-12-5,1,23:00:00,아름다운가게 동대문점,0,D,1001225
ChIJyf49y-WxfDUR5Dtb2jDBKM4,2019-12-5,1,23:00:00,스타벅스 명일역점,0,D,1001173
ChIJuw57peyifDURznfR6Mj2zAw,2019-12-5,1,23:00:00,Starbucks,0,D,1001227
ChIJXc9rS-qifDURQpIpDA5VJAU,2019-12-5,1,23:00:00,종로아이폰수리 아이폰가게,0,D,1001227
ChIJVY6CXumifDURyjnss4owfGI,2019-12-5,1,23:00:00,Coffee DNA Gwanghwamun,0,D,1001227
ChIJ2fasxfCjfDURJ0FjJTm7hRM,2019-12-5,1,23:00:00,Tab Public Gwanghwamun Granseoul,0,D,1001227
ChIJSfGrARajfDURoZWhnjBZQfg,2019-12-5,1,23:00:00,Daily Beer (Jongno-gu Office),0,D,1001227
ChIJsbevhOmifDURHdAQsf3-O2Y,2019-12-5,1,23:00:00,Coffee Chingu,0,D,1001227
ChIJT4ufVy-jfDURp7uVlPNYDKE,2019-12-5,1,23:00:00,세븐일레븐,0,D,1001228
ChIJ9Vf-RCWjfDURNZUZ3r5wFsQ,2019-12-5,1,23:00:00,NT Coffee,0,D,1001228
ChIJMcLQwDqjfDURxI7Jgi211H4,2019-12-5,1,23:00:00,Seoul City Wall Museum,0,D,1001228
ChIJxc8OXeijfDURNgI1fsOQBv0,2019-12-5,1,23:00:00,Starbucks,0,D,1001230
ChIJT6pfYs-YfDURoITLMFrxGcA,2019-12-5,1,23:00:00,바나나 하루키 Banana Haruki,0,D,1001182
ChIJiVKnKcOYfDURQSEuJEvkSnk,2019-12-5,1,23:00:00,Zara,0,D,1001182
ChIJ7U-76tqYfDUR63DpSecx6_U,2019-12-5,1,23:00:00,1300K 홍대점,0,D,1001182
ChIJ7x3EUcWYfDURmL6A6pEtu5k,2019-12-5,1,23:00:00,Gelati Gelati,0,D,1001182
ChIJmxXBlMOYfDURQ4MlHs51Jz8,2019-12-5,1,23:00:00,루블랑 loup blanc,0,D,1001182
ChIJXxhQzcKYfDURY208iFJWPK4,2019-12-5,1,23:00:00,Patisserie x Roastery imi,0,D,1001182
ChIJVYFelNqYfDURkNyoScOtYRs,2019-12-5,1,23:00:00,Peony,0,D,1001182
ChIJwUyyb9CYfDURgnX32tMOh-c,2019-12-5,1,23:00:00,GENTLE MONSTER HONGDAE FLAGSHIP STORE,0,D,1001182
ChIJIcCoANCYfDURvFtGH05S1Ms,2019-12-5,1,23:00:00,Fell and Cole,0,D,1001182
ChIJ29bX8s-YfDURxeVoMSf0eZI,2019-12-5,1,23:00:00,칼하트WIP 홍대와우산점,0,D,1001182
ChIJV9Lb3sKYfDURjbCnh8qRfqg,2019-12-5,1,23:00:00,Dunkin' Donuts,0,D,1001182
ChIJMeQIFsOYfDUR5sd8qTDum9s,2019-12-5,1,23:00:00,The Coffee Bean & Tea Leaf,0,D,1001182
ChIJx8ILIsOYfDUR8I5fKCkZUOA,2019-12-5,1,23:00:00,킨코스코리아 홍대입구역센터 (Kinko's Hongdae Station Center),0,D,1001182
ChIJx-2j5MKYfDURYWWYZAXSDRQ,2019-12-5,1,23:00:00,Kakao Friends Hongdae Flagship Store,0,D,1001182
ChIJTxCcl9yYfDUR2JwN0_7-75s,2019-12-5,1,23:00:00,파리바게뜨 홍대카페점,0,D,1001182
ChIJT9sKeMSYfDURPdEO4cKY8PA,2019-12-5,1,23:00:00,Jidebseu,0,D,1001182
ChIJeUCyeMSYfDURs7QWKYTj5Zg,2019-12-5,1,23:00:00,Billy Angel,0,D,1001182
ChIJ4xvyZsOYfDURK8JoZFQqZ-E,2019-12-5,1,23:00:00,렌즈타운홍대입구점,0,D,1001182
ChIJvzM4VtuYfDURWePmcvnO7UU,2019-12-5,1,23:00:00,Kinko's Hongdae Center,0,D,1001182
ChIJufS0PkWFfDURPJn6QDhvRj0,2019-12-5,1,23:00:00,화수분 주얼리디자인 공예학원,0,D,1001182
ChIJwyNoUcOYfDURIU69RKmIRr4,2019-12-5,1,23:00:00,Line Friends Hongdae Flagship Store,0,D,1001182
ChIJaZLqq9yYfDUR5I6ouzJOBRs,2019-12-5,1,23:00:00,SPAO,0,D,1001182
ChIJQ3D-nMSYfDURvzK9BWRwVX4,2019-12-5,1,23:00:00,Le Petit Four,0,D,1001182
ChIJ__BK4sSYfDURs_G07P5DAl8,2019-12-5,1,23:00:00,Coffee Smith,0,D,1001182
ChIJm9_7GMWYfDURBoYzf95rz2E,2019-12-5,1,23:00:00,Nike SNKRS Hongdae,0,D,1001182
ChIJeSF1ZMKYfDURuSDtNcXO-fc,2019-12-5,1,23:00:00,유니클로YZPARK홍대점 UNIQLO ユニクロ,0,D,1001182
ChIJj_rGPcOYfDURJR1383QzIA0,2019-12-5,1,23:00:00,adidas Originals Hongdae,0,D,1001182
ChIJ3yBcRsKYfDUROURqpLqYU3I,2019-12-5,1,23:00:00,DJI Korea Flagship Store,0,D,1001182
ChIJRYHVZsKYfDURDP8DpTAJ5bw,2019-12-5,1,23:00:00,Books Libro,0,D,1001182
ChIJ3bKEP8OYfDURcMUeOGC8OHM,2019-12-5,1,23:00:00,베스킨라빈스던킹,0,D,1001182
ChIJZ2maiBSZfDURypPGx3UMIoI,2019-12-5,1,23:00:00,KMC홍대실용음악학원,0,D,1001182
ChIJbXW7tsSYfDUR30zhGg0Ehv4,2019-12-5,1,23:00:00,카페데코믹스 홍대점,0,D,1001182
ChIJP6M3gcSYfDURq-bPvtdItDo,2019-12-5,1,23:00:00,펀펀슬라임카페,0,D,1001182
ChIJw__afsSYfDURe0N9mMxFNJs,2019-12-5,1,23:00:00,Starbucks,0,D,1001182
ChIJc-fwl8SYfDURG9JrVzbSrnY,2019-12-5,1,23:00:00,Frisbee Hongdae,0,D,1001182
ChIJKTrxZtuYfDURedaPlYRpMPE,2019-12-5,1,23:00:00,Starbucks Reserve,0,D,1001182
ChIJ8YN0k9OZfDURou_nDy-P0Fs,2019-12-5,1,23:00:00,다이소 홍대점,0,D,1001182
ChIJtVp8VcOYfDURK21YoxbrdH0,2019-12-5,1,23:00:00,YES24 중고매장 홍대점,0,D,1001182
ChIJ6aMX9rOZfDUR5FAsARksebw,2019-12-5,1,23:00:00,FIFTYFIFTY,0,D,1001182
ChIJP8LlzdqYfDURrju654Av65o,2019-12-5,1,23:00:00,SILVERDIA 홍대점,0,D,1001182
ChIJz0ALxhmjfDURnqAP74gtUFo,2019-12-5,1,23:00:00,LG전자 충무로역서비스센터,0,D,1001192
ChIJWeC7jPSifDURzixegUEDcIM,2019-12-5,1,23:00:00,Paris Baguette Cafe,0,D,1001200
ChIJGxE-X_OifDURId1eD0hr8Fc,2019-12-5,1,23:00:00,Paris Baguette Cafe,0,D,1001200
ChIJl6AbY_OifDURj7bAf-HEcsY,2019-12-5,1,23:00:00,GS25 북창점,0,D,1001200
ChIJryrpnvSifDURiOvp-xMVXhw,2019-12-5,1,23:00:00,Hollys Coffee,0,D,1001200
ChIJOwaWjPSifDURq6OwG3B7nmg,2019-12-5,1,23:00:00,SONY서비스센터 남대문점,0,D,1001200
ChIJs0IAeD-jfDUR10B4W2E-kAg,2019-12-5,1,23:00:00,헬로우샵,0,D,1001201
ChIJ9XDV4O-ifDURKjI94KEc1h4,2019-12-5,1,23:00:00,Olive Young,0,D,1001203
ChIJoY1oZvCifDURDKzruLYtCuU,2019-12-5,1,23:00:00,Stylenanda Pink Hotel - 3CE,0,D,1001203
ChIJwzS4332jfDURFB1WlhBINd8,2019-12-5,1,23:00:00,유아히어,0,D,1001203
ChIJ8ZjTl--ifDURjLz0x2-WBYw,2019-12-5,1,23:00:00,Fair Trade Cafe,0,D,1001203
ChIJyzrhXvCifDURvmgi0Ozjv2E,2019-12-5,1,23:00:00,adidas Myeongdong Brand Center,0,D,1001203
ChIJQ9UIcfCifDURL7nI-J5BNr4,2019-12-5,1,23:00:00,스타벅스 명동길점,0,D,1001203
ChIJqRLa4vCifDURM7MyAJ7PcBY,2019-12-5,1,23:00:00,Uniqlo Myeongdong,0,D,1001203
ChIJi7K6fyijfDURD5RYKDpnWfc,2019-12-5,1,23:00:00,オリーブヤング 明洞本店,0,D,1001203
ChIJdRpvPPCifDUR1KQ7WBDtX7I,2019-12-5,1,23:00:00,Frisbee Myeongdong,0,D,1001203
ChIJqWezFfCifDURyfjjZonPlHU,2019-12-5,1,23:00:00,Harmony Mart,0,D,1001203
ChIJsUp7V_CifDURCRYfUJoyHFs,2019-12-5,1,23:00:00,ÅLAND,0,D,1001203
ChIJC8zmmLKjfDURbli76bfixy4,2019-12-5,1,23:00:00,Ikseon Hanok Village,0,D,1001232
ChIJXxhQzcKYfDURY208iFJWPK4,2019-12-5,1,23:00:00,Patisserie x Roastery imi,0,D,1001183
ChIJseT_x8KYfDURamho37y6Lqo,2019-12-5,1,23:00:00,Rolling Dice,0,D,1001183
ChIJZ2maiBSZfDURypPGx3UMIoI,2019-12-5,1,23:00:00,KMC홍대실용음악학원,0,D,1001183
ChIJRYHVZsKYfDURDP8DpTAJ5bw,2019-12-5,1,23:00:00,Books Libro,0,D,1001184
ChIJeSF1ZMKYfDURuSDtNcXO-fc,2019-12-5,1,23:00:00,유니클로YZPARK홍대점 UNIQLO ユニクロ,0,D,1001184
ChIJXxhQzcKYfDURY208iFJWPK4,2019-12-5,1,23:00:00,Patisserie x Roastery imi,0,D,1001184
ChIJseT_x8KYfDURamho37y6Lqo,2019-12-5,1,23:00:00,Rolling Dice,0,D,1001184
ChIJj2PFm6ekfDURK-YfK0LG_No,2019-12-5,1,23:00:00,배스킨라빈스 한양대,0,D,1001187
ChIJE0qigVmjfDURr6Bw4hdG6Tg,2019-12-5,1,23:00:00,CU 왕십리한양점,0,D,1001187
ChIJQf8_vfCifDURqYz5oMvyYJo,2019-12-5,1,23:00:00,투썸플레이스 명동역점,0,D,1001189
ChIJB3adfvqifDURG5y_RMiTup8,2019-12-5,1,23:00:00,Daiso Myeongdong,0,D,1001189
ChIJxeXshQehfDURaRJAf2tZbjI,2019-12-5,1,23:00:00,Lotte My Super,0,D,1001073
ChIJ7Q2skgakfDURA9LbOwZ8djE,2019-12-5,1,23:00:00,스타벅스 르네상스사거리,0,D,1001077
ChIJL27gwVihfDURW_Fsz7LteJ4,2019-12-5,1,23:00:00,Chicor Gangnam Station Flagship Store,0,D,1001078
ChIJ345pjWeffDURLBeNCxshU6w,2019-12-5,1,23:00:00,다이소 노량진점 ダイソー daiso,0,D,1001105
ChIJKZP1weSffDURW-7tnYZdBhI,2019-12-5,1,23:00:00,홀로서기 1,46,D,1001105
ChIJSQ_pROGifDURLE8soyL4ZIM,2019-12-5,1,23:00:00,Paris Baguette Café,0,D,1001208
ChIJ8TFyaYaXfDURjDAgI1cZc_I,2019-12-5,1,23:00:00,Baskin Robbins,0,D,1001254
ChIJrSdnoxC8fDURrkOSBINWswY,2019-12-5,1,23:00:00,English speaking optical shop in korea (Leonne),0,D,1001257
ChIJ4eDaGHSlfDURM1zPiQAAPCg,2019-12-5,1,23:00:00,슈타인도르프 브로이,0,D,1001107
ChIJNzOvYd2jfDURNBPfEpJPuu8,2019-12-5,1,23:00:00,비스토핑,0,D,1001109
ChIJ4fN8Yd2jfDURfRS53lFgjHk,2019-12-5,1,23:00:00,Bistopping,0,D,1001109
ChIJtbLra3WkfDURkVIg9_NQkHI,2019-12-5,1,23:00:00,Nature Republic,0,D,1001111
ChIJszv52mq5fDURNmvvmebdnEA,2019-12-5,1,23:00:00,Starbucks,0,D,1001261
ChIJ6aga_j-5fDURdOMIfIHT0rQ,2019-12-5,1,23:00:00,미니스톱노원점,0,D,1001263
ChIJo4nQRBW5fDURZD9nZ9kxmmQ,2019-12-5,1,23:00:00,STCO노원점,0,D,1001263
ChIJO5m2bnWkfDURdDQYw4xgNbQ,2019-12-5,1,23:00:00,던킨도너츠 강남구청역점,0,D,1001115
ChIJ36UmmYqjfDURk-ugUzmqqBo,2019-12-5,1,23:00:00,웨딩디바,0,D,1001115
ChIJsxJp7OujfDURhL-pWNqb2q8,2019-12-5,1,23:00:00,Coffee Smith Garosugil,11,D,1001117
ChIJc8wGceijfDURYi48PUA-Or4,2019-12-5,1,23:00:00,킨코스코리아 신사센터 (Kinko's Sinsa Center),0,D,1001117
ChIJsdBb7-ujfDUR07tF6ZJSDzI,2019-12-5,1,23:00:00,알라딘 중고서점 가로수길점,0,D,1001117
ChIJXWObkOmjfDURg_rykwkHCqg,2019-12-5,1,23:00:00,Ateuman,9,D,1001117
ChIJyThMV-mjfDURtJOwqSvG5hU,2019-12-5,1,23:00:00,Willys,0,D,1001117
ChIJvzaw_-ujfDURHPRNSPChh-0,2019-12-5,1,23:00:00,가로수약국,9,D,1001117
ChIJyxxFf-mjfDURrAyF4ZY0ZEI,2019-12-5,1,23:00:00,GS25,0,D,1001117
ChIJLxf9pECjfDURFinDgSw_P9s,2019-12-5,1,23:00:00,에이쓰리커피집,0,D,1001117
ChIJZdzrnpWifDUR9256qHF4iPU,2019-12-5,1,23:00:00,Sikmulhak Coffee,0,D,1001117
ChIJl0qHeoijfDURjtsrXq25A3Q,2019-12-5,1,23:00:00,ROZLEY,9,D,1001117
ChIJC6tcxPyefDURetUuiSwbTJ4,2019-12-5,1,23:00:00,부엉이맥주집,0,D,1001119
ChIJ4y_P4g2lfDURKp_YHjQdM9E,2019-12-5,1,23:00:00,세드라 Cedrat,0,D,1001082
ChIJr7m4mxqkfDURkRuiuKVmvYs,2019-12-5,1,23:00:00,gs25,11,D,1001082
ChIJhYlMHg6kfDURGNA9eWtJpQ0,2019-12-5,1,23:00:00,커피베이 강남선릉점,0,D,1001084
ChIJx_JXSRSkfDURaouYU5Lf2Tw,2019-12-5,1,23:00:00,wisewall,0,D,1001088
ChIJXWDzUhSkfDURB8G3NRzlxWM,2019-12-5,1,23:00:00,CU 대치플러스점,0,D,1001088
ChIJRdVtk6ilfDURu-uy6ylrN-4,2019-12-5,1,23:00:00,A Twosome Place,0,D,1001088
ChIJxatI2VChfDURFtcYhxWUn7U,2019-12-5,1,23:00:00,Coffee Factory,0,D,1001066
ChIJG5nJ7oqdfDURxP3DHJV-caQ,2019-12-5,1,23:00:00,Starbucks,0,D,1001067
ChIJu4upE4qdfDURWA-JmuMgpOM,2019-12-5,1,23:00:00,오류홈할인마트,0,D,1001067
ChIJGZmBb4qdfDURgWVz_oM-Mqw,2019-12-5,1,23:00:00,투썸플레이스오류역점,0,D,1001067
ChIJs4OITD2kfDURUEtUWLTeGbY,2019-12-5,1,23:00:00,Paris Baguette,0,D,1001068
ChIJ6zEJ-U6hfDUR0YiMykcmh2I,2019-12-5,1,23:00:00,효성벤츠,0,D,1001047
ChIJi4n_A1ChfDURvWtJUQFaCkA,2019-12-5,1,23:00:00,Caffe Pascucci,0,D,1001048
ChIJDWIToGyhfDURkn2oJEVxCVk,2019-12-5,1,23:00:00,L.BRO COFFEE,0,D,1001050
ChIJg5bNhxykfDURWBezOG2OjgY,2019-12-5,1,23:00:00,비비안 롯데백화점 강남점,0,D,1001071
ChIJX9SCiBykfDURSgSaGTiiS28,2019-12-5,1,23:00:00,NEPA 롯데강남4점,0,D,1001071
ChIJP7-ziBykfDUR1fZidjGv5mc,2019-12-5,1,23:00:00,나이키 롯데강남점,0,D,1001071
ChIJg5bNhxykfDURzO0C720UStY,2019-12-5,1,23:00:00,Lotte Department Store in Gangnam,0,D,1001071
ChIJ9S1nsy2lfDURdBSn8f9hTTs,2019-12-5,1,23:00:00,Jibsa,0,D,1001071
ChIJr8Hve5mlfDURK4KNuJEdEQw,2019-12-5,1,23:00:00,데상트골프 롯데강남(Descente golf),0,D,1001071
ChIJ3bothhykfDURGrrFQIFiSMM,2019-12-5,1,23:00:00,포숑 롯데강남점,0,D,1001071
ChIJd5crd3iZfDURudZloC0L4Hc,2019-12-5,1,23:00:00,Forestin,0,D,1001167
ChIJI6x5CbuffDUR8JEwXSMDXLg,2019-12-5,1,23:00:00,Starbucks,0,D,1001051
ChIJGa43VLqffDURtlkdiX_ONGI,2019-12-5,1,23:00:00,다이소 보라매점 ダイソー daiso,0,D,1001051
ChIJIz2rUaiffDURBKQqqA4-6rw,2019-12-5,1,23:00:00,스타벅스 보라매공원R점,0,D,1001051
ChIJbasRrFGhfDURP_T9777uJNY,2019-12-5,1,23:00:00,Goose Island Brewhouse,12,D,1001052
ChIJVbb44rKhfDURQ9d43oRoP30,2019-12-5,1,23:00:00,M&H Books,0,D,1001022
ChIJC89iDEygfDURf2XxyC_41bo,2019-12-5,1,23:00:00,Starbucks,0,D,1001022
ChIJy6uhiVKkfDUREkfkPz19xTE,2019-12-5,1,23:00:00,CU 신천대로점,0,D,1001093
ChIJS1TPDq2lfDURmwOS5a-VQME,2019-12-5,1,23:00:00,Coffee Buy Roasters,0,D,1001093
ChIJw8kLH62lfDURZrLpxOmU57A,2019-12-5,1,23:00:00,Alladin Used Bookstore,0,D,1001093
ChIJyYmIBa2lfDUR8-GsYF8uABM,2019-12-5,1,23:00:00,Big Bottle Company,0,D,1001093
ChIJ14wBQA2kfDURdoFlwNpRekQ,2019-12-5,1,23:00:00,TBHSHOP(브랜드 통합 공식몰),0,D,1001094
ChIJKfKyf2eefDURtT-zNMP-gCM,2019-12-5,1,23:00:00,교보문고 신도림 바로드림 센터,0,D,1001096
ChIJo-6LeGeefDURwvVe38JkJNk,2019-12-5,1,23:00:00,캘빈클라인 액세서리 현대백화점 디큐브시티점,0,D,1001096
ChIJmcfHfGeefDURrFGmQDhzd_A,2019-12-5,1,23:00:00,Hyundai Department Store,0,D,1001096
ChIJ3-7hfGeefDUR7A4TYYssw_c,2019-12-5,1,23:00:00,뉴발란스 신도림디큐브시티,0,D,1001096
ChIJ3-7hfGeefDURU8BON7RwjmU,2019-12-5,1,23:00:00,켈번 신도림디큐브백화점,0,D,1001096
ChIJ3-7hfGeefDURRwnIdQxVjOs,2019-12-5,1,23:00:00,NEPA 신도림디큐브시티점,0,D,1001096
ChIJ3-7hfGeefDURitmKZEIYv3w,2019-12-5,1,23:00:00,몽벨 신도림디큐브시티점,0,D,1001096
ChIJ3-7hfGeefDURezOx43vBX-Q,2019-12-5,1,23:00:00,지이크 디큐브시티신도림,0,D,1001096
ChIJtWTvWuBhezURCJ_HWxhRoMY,2019-12-5,1,23:00:00,W Mall Outlet,0,D,1001027
ChIJNVFSROBhezURTO87xiv68dk,2019-12-5,1,23:00:00,CU 가산W-MALL몰점,0,D,1001027
ChIJ-VL0WuBhezURN20S67ZaDnU,2019-12-5,1,23:00:00,압소바 W Mall,0,D,1001027
ChIJ-VL0WuBhezURB2o9ZQCI1LY,2019-12-5,1,23:00:00,JCB W Mall,0,D,1001027
ChIJkSYeUOBhezURN7Q3Kaeq0XY,2019-12-5,1,23:00:00,나이키 구로상설할인,0,D,1001027
ChIJ09XTsdKmfDURV3nh1rfvg5k,2019-12-5,1,23:00:00,바세츠아이스크림 양재본점 BASSETTS ICECREAM,0,D,1001014
ChIJJ2nGOdOmfDURdHio-HokO8A,2019-12-5,1,23:00:00,서울화훼,0,D,1001014
ChIJnT_gm9KmfDUR6ORNDL-HY2o,2019-12-5,1,23:00:00,E-Mart Everyday Yangjae,0,D,1001014
ChIJS2Vcka1hezURH7Ze51fZSwI,2019-12-5,1,23:00:00,Talya Global Atomy 애터미/ Атоми,0,D,1001015
ChIJOy3K5GykfDURi6Jw4Y3FGXg,2019-12-5,1,23:00:00,이마트에브리데이 삼성동점,0,D,1001098
ChIJaZHuZWukfDUR7UeaGo-5JZM,2019-12-5,1,23:00:00,Casa Del Habano,0,D,1001099
ChIJz8urgGykfDUR22mmHsj0Pcc,2019-12-5,1,23:00:00,쿠펫 강남점(삼성동),0,D,1001099
ChIJ8-5klWukfDUR0rbmrq4SBmc,2019-12-5,1,23:00:00,3CE 롯데면세점 코엑스점,0,D,1001099
ChIJXZ-XkGukfDURwrUEcJQTxdA,2019-12-5,1,23:00:00,Lotte Duty-free COEX Branch,0,D,1001099
ChIJJX08XxOkfDURMXnhs9ruUJU,2019-12-5,1,23:00:00,컬투편의점 삼성점,0,D,1001099
ChIJcY7K0WqkfDUR--nWJcpWOPY,2019-12-5,1,23:00:00,Gold Finger Bespoke Tailor (골드핑거 비스포크 양복점),0,D,1001099
ChIJkYG1uRSkfDURN6awYNq5sXU,2019-12-5,1,23:00:00,"Office Depot, Samsung branch",0,D,1001099
ChIJfavImE2lfDUR6DlzX7kppzA,2019-12-5,1,23:00:00,Le Four Doré,0,D,1001099
ChIJ8-5klWukfDUR0rbmrq4SBmc,2019-12-5,1,23:00:00,3CE 롯데면세점 코엑스점,0,D,1001103
ChIJkYG1uRSkfDURN6awYNq5sXU,2019-12-5,1,23:00:00,"Office Depot, Samsung branch",0,D,1001103
ChIJXZ-XkGukfDURwrUEcJQTxdA,2019-12-5,1,23:00:00,Lotte Duty-free COEX Branch,0,D,1001103
ChIJOS6-gGukfDURsNQTUOc_JNM,2019-12-5,1,23:00:00,뉴스킨 코리아,0,D,1001103
ChIJaZHuZWukfDUR7UeaGo-5JZM,2019-12-5,1,23:00:00,Casa Del Habano,0,D,1001103
ChIJcY7K0WqkfDUR--nWJcpWOPY,2019-12-5,1,23:00:00,Gold Finger Bespoke Tailor (골드핑거 비스포크 양복점),0,D,1001103
ChIJL36qtGukfDUR42gSnR1N79U,2019-12-5,1,23:00:00,Uniqlo,0,D,1001103
ChIJb4ImMRWkfDURYrrYiJk_b5I,2019-12-5,1,23:00:00,Hyundai Department Store,0,D,1001103
ChIJaWSqU2qkfDURJGnsDpN4PgY,2019-12-5,1,23:00:00,Oysho,0,D,1001103
ChIJ5QIdMRWkfDURCYmReqmCXxs,2019-12-5,1,23:00:00,더바디샵 현대무역센터점,0,D,1001103
ChIJHVz8MBWkfDURz7_WMhajP3E,2019-12-5,1,23:00:00,현대백화점무역마인,0,D,1001103
ChIJhXtHMRWkfDURf5PiE_c9uWM,2019-12-5,1,23:00:00,타임현대무역센터점,0,D,1001103
ChIJHVz8MBWkfDURHCZnWmCqJMA,2019-12-5,1,23:00:00,지오다노 삼성현대,0,D,1001103
ChIJhXtHMRWkfDURMHiNurKbEhw,2019-12-5,1,23:00:00,클라란스 현대무역센터점,0,D,1001103
ChIJHVz8MBWkfDURWfm0QZjTle8,2019-12-5,1,23:00:00,헤지스 현대 무역,0,D,1001103
ChIJfavImE2lfDUR6DlzX7kppzA,2019-12-5,1,23:00:00,Le Four Doré,0,D,1001103
ChIJlbmgHWGlfDURSaARZ9hupGE,2019-12-5,1,23:00:00,Pierrot Shopping,0,D,1001103
ChIJj575MK-lfDURXrrDHndroN0,2019-12-5,1,23:00:00,Fika,0,D,1001103
ChIJf-Tx4f6jfDURtmRRiJPAcD0,2019-12-5,1,23:00:00,Auntie Anne's,0,D,1001103
ChIJ5QIdMRWkfDURrskPbCKXdwg,2019-12-5,1,23:00:00,비비안 현대백화점 무역점,0,D,1001103
ChIJncS792qkfDURkqCUBHnmVN8,2019-12-5,1,23:00:00,토즈 현대백화점무역센터점,0,D,1001103
ChIJIfisU2qkfDURU8PgQXj72R0,2019-12-5,1,23:00:00,PALAZZO,0,D,1001103
ChIJZ5pO8GqkfDURFgM63n_TiGk,2019-12-5,1,23:00:00,PANDORA,0,D,1001103
ChIJfVfP3EOkfDUR4ZpxKcTyUkc,2019-12-5,1,23:00:00,푸른약국,0,D,1001104
ChIJET4-lRikfDURIwjaJ9fTPqw,2019-12-5,1,23:00:00,김영모과자점 대치점,0,D,1001054
ChIJrauUER-kfDURsRgy-tRNCPM,2019-12-5,1,23:00:00,Daiso Daechi Station Branch,0,D,1001054
ChIJi1QDymuJcTURyg0LbUYM20o,2019-12-5,1,23:00:00,풀무원건강생활,0,D,1001041
ChIJoeyZasKlfDURNYw8jDDoPCo,2019-12-5,1,23:00:00,Emart at Suseo,0,D,1001041
ChIJO5YDQcKlfDURreFemAlJEvU,2019-12-5,1,23:00:00,The Coffee Bean And Tea Leaf,0,D,1001041
ChIJvTmDbmmhfDURz9VGiTG9-bo,2019-12-5,1,23:00:00,투썸플레이스 교대역점,0,D,1001057
ChIJMXY7rmmhfDURnvZr0XBkHlQ,2019-12-5,1,23:00:00,젠하이저 코리아 공식 스토어(청음샵),0,D,1001057
ChIJBc4ISWihfDURoCgv-0iyNcY,2019-12-5,1,23:00:00,다이소 교대역점,0,D,1001057
ChIJh0KD6WmhfDUR_W-EKzS-fHc,2019-12-5,1,23:00:00,아름다운가게 서초점,0,D,1001057
ChIJOWpCYGmhfDURg_zy1P3SA0k,2019-12-5,1,23:00:00,Caffe Pascucci,0,D,1001057
ChIJHyWpXVGhfDUR9UENWDGGVhE,2019-12-5,1,23:00:00,아름다운가게 역삼점,0,D,1001058
ChIJZb_cXVGhfDURtmhx9000Y8A,2019-12-5,1,23:00:00,The Wal'z,0,D,1001058
ChIJ7_fFuJOlfDURzMpAELYksVc,2019-12-5,1,23:00:00,동화청과,0,D,1001060
ChIJsX50ZlqhfDUR3iEqQaCGDpE,2019-12-5,1,23:00:00,The Coffee Bean,0,D,1001062
ChIJd690uNSkfDURj9-N6lGA4Ws,2019-12-5,1,23:00:00,Starbucks,0,D,1001181
ChIJDXcr1oujfDURinArIW6_1s0,2019-12-5,1,23:00:00,우나스 UNAS,0,D,1001123
ChIJp9tNrxWhfDURr90Fouv2W9g,2019-12-5,1,23:00:00,다이소 남부터미널점 ダイソー daiso,0,D,1001042
ChIJ8Q-1zLOhfDURFBVEehWW6b8,2019-12-5,1,23:00:00,Kanival Pizza,0,D,1001043
ChIJxxAxbO6hfDURmx48YNUlNpU,2019-12-5,1,23:00:00,알라딘 중고서점 이수역점,0,D,1001043
ChIJhcgNkEuhfDURS2OmBx3mFgU,2019-12-5,1,23:00:00,Daiso,0,D,1001030
ChIJiaLgmsCffDURWwuUf0zlqw0,2019-12-5,1,23:00:00,Anitong,0,D,1001031
ChIJGf3C4pWffDURHHqGNMSwWw4,2019-12-5,1,23:00:00,난쟁이파스타앤펍,0,D,1001031
ChIJqViFYpKkfDURa74YGJbIduw,2019-12-5,1,23:00:00,업사이드다운,0,A,1000106
ChIJZQqufqOffDURASutsB_tjTs,2019-12-5,1,23:00:00,씽크세상,0,A,1000772
ChIJOZkL0qWffDURrkh91uynX50,2019-12-5,1,23:00:00,GS25 동작우체국점,0,A,1000773
ChIJ1W-PA0OhfDURIunvyNrtEzM,2019-12-5,1,23:00:00,Hanscake(Seocho),0,A,1000873
ChIJFYsOVkKhfDURxvTZ_bm19Q4,2019-12-5,1,23:00:00,장티크 (J' antique),0,A,1000873
ChIJC85u9NS7fDURdX5VjtHOXYw,2019-12-5,1,23:00:00,DUFFEL CENTRE,0,A,1000176
ChIJv4XrG-K6fDURofMdU2LDlHM,2019-12-5,1,23:00:00,컴퓨터랜드,0,A,1000253
ChIJM-rt2R27fDURy3v6oaWfCOk,2019-12-5,1,23:00:00,안경이야기,0,A,1000253
ChIJM-rt2R27fDURIL9fl9QKKgM,2019-12-5,1,23:00:00,프로월드컵 면목홈플러스,0,A,1000253
ChIJzUlgkx27fDUROhC1idG_zlI,2019-12-5,1,23:00:00,디어베이비 면목홈플러스점,0,A,1000253
ChIJzUlgkx27fDURwjWsx6FwKEg,2019-12-5,1,23:00:00,HOMEPLUS Myeonmok,0,A,1000253
ChIJK8AAjmeifDUREiTu43CZY7Q,2019-12-5,1,23:00:00,GS25 용산동자점,0,A,1000077
ChIJLXxsbAelfDURRxzKJDHYCmI,2019-12-5,1,23:00:00,ofrseoul,0,A,1000105
ChIJdQgPerOhfDURwgFNHpmV0p8,2019-12-5,1,23:00:00,Hollys Coffee,0,A,1000739
ChIJJWtZ7bahfDUR47LPM3teGm4,2019-12-5,1,23:00:00,(주)이마트에브리데이사당동점,0,A,1000740
ChIJTaaxLrehfDURk1Y5c2SIHnE,2019-12-5,1,23:00:00,종로약국,0,A,1000741
ChIJJWtZ7bahfDUR47LPM3teGm4,2019-12-5,1,23:00:00,(주)이마트에브리데이사당동점,0,A,1000741
ChIJu1dwHTWhfDURN3TO4NtHcbA,2019-12-5,1,23:00:00,카페 릴리블랑 (Cafe Lily blanc),0,A,1000844
ChIJ36UmmYqjfDURk-ugUzmqqBo,2019-12-5,1,23:00:00,웨딩디바,0,A,1000926
ChIJc7PaKd2lfDURNHQup50iOPY,2019-12-5,1,23:00:00,빙빙빙 청담점,0,A,1000927
ChIJtyY-_MenfDUR2o6ai5eOCa4,2019-12-5,1,23:00:00,Glyn.(글린커피),0,A,1000889
ChIJC-pNcjSgfDURAu5pTxiK6sQ,2019-12-5,1,23:00:00,Go Camp,0,A,1000747
ChIJKW9nYoevfDURdDTvJqjMMB4,2019-12-5,1,23:00:00,LAB101,0,A,1000961
ChIJdwoky3mvfDURgDkFr_yPLSI,2019-12-5,1,23:00:00,홈플러스 익스프레스 개롱점,0,A,1000941
ChIJK5yG1q-lfDURRS5AHbcW4QM,2019-12-5,1,23:00:00,Kim's Restaurant Industry,0,A,1000943
ChIJnWO66a-lfDURMi8CUgZK77o,2019-12-5,1,23:00:00,Paris Baguette Café,0,A,1000943
ChIJS60RUrSlfDURUOzcOAxq-CM,2019-12-5,1,23:00:00,(주)진영코리아,0,A,1000944
ChIJ037oHaWlfDURqotSNAYkRU8,2019-12-5,1,23:00:00,스타벅스 석촌서호점,0,A,1000945
ChIJVzexrbulfDURcjikLQslD0M,2019-12-5,1,23:00:00,다이소 배명사거리점,0,A,1000946
ChIJ6TkAa7qlfDUR_UVftq5flOE,2019-12-5,1,23:00:00,프랭크서울 핫도그&버거 삼전점,0,A,1000946
ChIJuZ2GrLulfDURh5j2uzvpVcs,2019-12-5,1,23:00:00,삼성전자판매(주)잠실점,0,A,1000946
ChIJk6ziAYalfDUR6Jy9d5jPOcA,2019-12-5,1,23:00:00,GS25 rhythm Town Point,0,A,1000958
ChIJC-pNcjSgfDURAu5pTxiK6sQ,2019-12-5,1,23:00:00,Go Camp,0,A,1000748
ChIJk67K_7-YfDURgaedfMwXljs,2019-12-5,1,23:00:00,The Bread Blue,0,A,1000488
ChIJ2zOIkoacfDUR1VmYM8haMjE,2019-12-5,1,23:00:00,롯데슈퍼 방화점,0,A,1000594
ChIJS26OU82lfDURdjZ_c1Uj0J0,2019-12-5,1,23:00:00,한성자동차(주),0,A,1000934
ChIJsTJHay6ZfDURhP4JLcmCPfc,2019-12-5,1,23:00:00,Iusjib,0,A,1000476
ChIJyU-7RCGZfDUR2-XUq8KepE4,2019-12-5,1,23:00:00,Siboli,0,A,1000476
ChIJI_pLIg6ZfDURuCVOh6afk8s,2019-12-5,1,23:00:00,상암동카페 커피볶는집 커피아람빈스(로스터리카페) ARAMBEANS,0,A,1000477
ChIJ68nK8bqhfDURzK_R7MPxB0s,2019-12-5,1,23:00:00,GS25 방배홈타운점,0,A,1000884
ChIJt2SjePqjfDURnA3oHk6uJ2Q,2019-12-5,1,23:00:00,파낙스약국,0,A,1000896
ChIJ0b1dmKqmfDUR2KnK5lq6CNg,2019-12-5,1,23:00:00,성환빌딩,5,A,1000904
ChIJFSxJOpakfDURnXvNtpG71TA,2019-12-5,1,23:00:00,아트앤팩토리 (라미나),0,A,1000909
ChIJq6p9KumYfDURZGgycyumNB4,2019-12-5,1,23:00:00,Bronx Yeonnam points,0,A,1000470
ChIJTVKtyh-wfDUR8-QTar-tkCs,2019-12-5,1,23:00:00,파리바게뜨 둔촌진흥,0,A,1000977
ChIJofq6OSmcfDURFzbAFJeK4wY,2019-12-5,1,23:00:00,한샘플래그샵 목동점,0,A,1000573
ChIJLW4iVeujfDURE4y8olTf4EY,2019-12-5,1,23:00:00,Villa Soohyang Seoul,0,A,1000899
ChIJPybztmSjfDUR1JFdWhC8kBU,2019-12-5,1,23:00:00,가로수길 인트로,7,A,1000899
ChIJgzMSz1OhfDURBJptOu5ht3c,2019-12-5,1,23:00:00,GS25,12,A,1000902
ChIJmeVFAcimfDURM8oH6PiRRho,2019-12-5,1,23:00:00,고객사랑마트,0,A,1000903
ChIJEY4MftG8fDURtJgz2_Ag9iQ,2019-12-5,1,23:00:00,Starbucks,0,A,1000306
ChIJR8Gx2NuifDURh8u0_KrYJ8w,2019-12-5,1,23:00:00,소연카페,0,A,1000013
ChIJxyVAWridfDUReVarpYpV-pw,2019-12-5,1,23:00:00,빅박스 (타미야 서울 미니카경기장),0,A,1000540
ChIJxXMJ836efDURA6GIyP8aqW0,2019-12-5,1,23:00:00,주커피 목동신정교점,0,A,1000532
ChIJLZVuccumfDURhds0QQqpEVA,2019-12-5,1,23:00:00,신영빌딩,0,A,1000876
ChIJZb7n9cmmfDURu508ARjr02A,2019-12-5,1,23:00:00,Flower Gift Korea,0,A,1000876
ChIJu-QgVrOhfDURCttgNykV5OY,2019-12-5,1,23:00:00,Misfits Burger & Pub,0,A,1000755
ChIJCXGy1969fDURt_AT1okIn0o,2019-12-5,1,23:00:00,미아듀얼카페,0,A,1000320
ChIJL4nx5F67fDURLKWoZ7_nUMM,2019-12-5,1,23:00:00,SK텔레콤 Tworld 홍릉대리점,0,A,1000190
ChIJRxWJ9eqjfDURlD2G08_bhiE,2019-12-5,1,23:00:00,PAZ PEACE CAKE shop,0,A,1000929
ChIJxzbVLBFYezURd3qlBxoGGJs,2019-12-5,1,23:00:00,바게트 케이,0,A,1000930
ChIJvcD1cnahfDURgD6Z6SOEmr4,2019-12-5,1,23:00:00,서래정육점,0,A,1000867
ChIJ99GhmHWhfDURSCDG04hBgFE,2019-12-5,1,23:00:00,Hotel Douce,0,A,1000867
ChIJs8INg1OjfDURUYu-Ibuop1I,2019-12-5,1,23:00:00,Recode Art Sonje Respace 래코드 아트선재 리스페이스,0,A,1000007
ChIJV1RlzDCZfDURGp7msnSPm-Y,2019-12-5,1,23:00:00,SALTHOUSE DELI Mangwon,0,A,1000500
ChIJC78eH_2vfDUR2qeQm67bg4k,2019-12-5,1,23:00:00,비엔나커피하우스 강동점,0,A,1000986
ChIJUzympRmwfDURXIUpvHyjuNk,2019-12-5,1,23:00:00,미키젠 전자담배(Mikigen Vapes),0,A,1000988
ChIJow5zLHWkfDURmamtx4Py3gk,2019-12-5,1,23:00:00,Lotte Premium Food Market,0,A,1000937
ChIJES3rkpeefDUR9_yVv96l8J4,2019-12-5,1,23:00:00,매티스 hair in Seoul by 이중환원장 MATY's haircut in Seoul by Oscar,0,A,1000937
ChIJQThFxyylfDURMbCbffQqKis,2019-12-5,1,23:00:00,공원약국,0,A,1000167
ChIJnX0z6hGffDURTjALGv-ZPFA,2019-12-5,1,23:00:00,홈플러스익스프레스 대방점,0,A,1000774
ChIJtx_QHRKffDURhOwq4BmxtK4,2019-12-5,1,23:00:00,Hollys Coffee,0,A,1000774
ChIJLR5DC9KmfDURqS32zQUoVI8,2019-12-5,1,23:00:00,양재마트,7,A,1000846
ChIJx_iBG4GefDUR8iv3qH5UyjE,2019-12-5,1,23:00:00,BMW 바바리안모터스,0,A,1000519
ChIJB3iv3KGlfDURb23YCxKno-o,2019-12-5,1,23:00:00,휠라 커먼그라운드(Fila Common Ground),0,A,1000142
ChIJF37gYm-7fDUR-ygtdDIIg8s,2019-12-5,1,23:00:00,Neonadeulyi cartoon cafe,0,A,1000168
ChIJJRtYY92YfDURzmbs8fYzWqY,2019-12-5,1,23:00:00,HI FI FNK,0,A,1000492
ChIJ04tbHSqZfDURYGYWrrOHyJU,2019-12-5,1,23:00:00,칼이쓰마,0,A,1000492
ChIJr7dpDcGYfDURuDqgQ2-n7k4,2019-12-5,1,23:00:00,O!Oi (오아이오아이),0,A,1000494
ChIJM7R7mMGYfDUR5yiS2JMa8CE,2019-12-5,1,23:00:00,딩굴딩굴 알타미라 만화카페,0,A,1000495
ChIJ_QlTl8GYfDURXLB59_SlXoU,2019-12-5,1,23:00:00,뽈랄라수집관 The Pollalla Toy Museum,0,A,1000495
ChIJSamNO9iYfDURCIenLHfkW2k,2019-12-5,1,23:00:00,퀜치커피 / quench coffee,0,A,1000504
ChIJyQNcxBOefDUR8e5ud_8-Qns,2019-12-5,1,23:00:00,구로모터스,25,A,1000629
ChIJZ7GYrGyefDURPCpLVJNFHzE,2019-12-5,1,23:00:00,캘빈클라인 진 AK Plaza 구로점,0,A,1000630
ChIJA_-t_qahfDURbmX5b36iqmU,2019-12-5,1,23:00:00,Maison M'O,0,A,1000871
ChIJH5z0N4eefDURzwRk7exj1No,2019-12-5,1,23:00:00,모티브 실용음악 아카데미 학원,0,A,1000533
ChIJwYM0eECefDUR0gFSl2hELec,2019-12-5,1,23:00:00,GS25 신도림점,0,A,1000625
ChIJi-7vCxe7fDURtk6ffX7zB2g,2019-12-5,1,23:00:00,롯데슈퍼 장안점,0,A,1000217
ChIJMysHuY6ffDURIHn37QEVs9w,2019-12-5,1,23:00:00,롯데하이마트 봉천점,0,A,1000834
ChIJAcZCiI6ffDURl_TRQddgNC4,2019-12-5,1,23:00:00,세븐일레븐 봉천점,0,A,1000834
ChIJ1Yzn0eiYfDUR4DfmWKf4SE4,2019-12-5,1,23:00:00,Fave Bakery Yeonnam,0,A,1000483
ChIJUz1CDWyZfDURQFkr0XiLxjw,2019-12-5,1,23:00:00,페이브 베이커리 연남점,0,A,1000483
ChIJgUI1Uu-YfDURyen_bjYmI9s,2019-12-5,1,23:00:00,17도씨 (17℃),0,A,1000483
ChIJORkAzM6mfDURMYLegWCWfTE,2019-12-5,1,23:00:00,작스모터스 양재점,0,A,1000851
ChIJuSEpfvy6fDURP0aL5DwYWUo,2019-12-5,1,23:00:00,홈플러스익스프레스면목점,0,A,1000246
ChIJwTThktS8fDURJVLzKP8zuDs,2019-12-5,1,23:00:00,아뻬 서울 (APE SEOUL),0,A,1000021
ChIJW_fvMz6jfDURam-hR2a6qAM,2019-12-5,1,23:00:00,홈플러스익스프레스신당점,0,A,1000032
ChIJWfpz5rqjfDUR8R6EHholc_0,2019-12-5,1,23:00:00,옥사나가든,0,A,1000084
ChIJCVYi57qjfDUR42ZkSYhMdWs,2019-12-5,1,23:00:00,Samver,0,A,1000084
ChIJw6lRi76jfDURCns1JtAno0Q,2019-12-5,1,23:00:00,tuff studio,0,A,1000084
ChIJAQAAABGYfDURY31nxpt4fak,2019-12-5,1,23:00:00,Nuane,0,A,1000480
ChIJAYnxKIuZfDURwTmkPKEjH9A,2019-12-5,1,23:00:00,Keopideog,0,A,1000482
ChIJl_gQmhmifDUR5m3VgPeE6wI,2019-12-5,1,23:00:00,영재컴퓨터,0,A,1000079
ChIJh0KD6WmhfDUR_W-EKzS-fHc,2019-12-5,1,23:00:00,아름다운가게 서초점,0,A,1000865
ChIJ1ZDG5nWhfDUR7gCytuZsv2A,2019-12-5,1,23:00:00,Paris Croissant,0,A,1000866
ChIJ7Yz2-4WXfDURiLHSx1BtilY,2019-12-5,1,23:00:00,하이모 은평지점,0,A,1000433
ChIJAcguuMedfDURPjyTAYwcd74,2019-12-5,1,23:00:00,지인인테리어 LG베스트샵 강서본점,0,A,1000608
ChIJBdHMOR2cfDURvQSC0s6HqGQ,2019-12-5,1,23:00:00,LG전자서비스센터 강서점,0,A,1000608
ChIJtUopo6eefDURIw23BhskwH8,2019-12-5,1,23:00:00,LG지인 인테리어 LG전자 베스트샵 강서본점,0,A,1000608
ChIJH3Z8xVeffDUReHX4uaRqHxc,2019-12-5,1,23:00:00,화이트 365 셀프빨래방,0,A,1000710
ChIJk8_jSaOlfDURdmQVQkXxO60,2019-12-5,1,23:00:00,"eMart24, SongPa Store",0,A,1000952
ChIJ28OvIa6lfDUR3VvhCq73rJg,2019-12-5,1,23:00:00,Dunkin' Donuts Jamsilbon-dong,0,A,1000954
ChIJ4WmTS0e9fDUREIse0Vm2Ofw,2019-12-5,1,23:00:00,Coffine Gurunaru,0,A,1000026
ChIJ76mYa9WlfDURc8KP9lU71JM,2019-12-5,1,23:00:00,pola,0,A,1000115
ChIJl0uLtCygfDUReeysva05Tlo,2019-12-5,1,23:00:00,브레드덕,0,A,1000775
ChIJ73Te0CWefDURn2uCGEpynJI,2019-12-5,1,23:00:00,재훈약국,29,A,1000643
ChIJVx72wiWefDURK93_8x6MRIc,2019-12-5,1,23:00:00,컴뱃밀리터리샵,0,A,1000643
ChIJly13FSWefDURc8v1ZF_alpk,2019-12-5,1,23:00:00,Starbucks,0,A,1000643
ChIJrzKPZWeffDUR5UK-sc4MuIM,2019-12-5,1,23:00:00,커피스토리,0,A,1000745
ChIJtdgOqLOifDUR69JNwhL7hJc,2019-12-5,1,23:00:00,Sanmotunggi Coffee,0,A,1000005
ChIJ7S2C_k67fDURjcayADMkSzY,2019-12-5,1,23:00:00,ffroi,0,A,1000134
ChIJqS1fV2-8fDURxD_0F7Txhyg,2019-12-5,1,23:00:00,보림인쇄사,25,A,1000322
ChIJ-8RIfmu8fDURPDc0KHV7Dzs,2019-12-5,1,23:00:00,행텐 수유점,0,A,1000323
ChIJeTw3TKaYfDURxo3u6v2Q7GA,2019-12-5,1,23:00:00,해브어코믹스데이,0,A,1000461
ChIJm2wihZu8fDURH2euemVO92k,2019-12-5,1,23:00:00,다이소 종암점 ダイソー daiso,0,A,1000301
ChIJj7jubruhfDURr2kRifozGJc,2019-12-5,1,23:00:00,emart 24,0,A,1000854
ChIJr8r3XtSYfDURLs-hbLaOdow,2019-12-5,1,23:00:00,Bean Brothers Hapjeong,0,A,1000485
ChIJ3SBZYqOYfDURylyeaHj1ebs,2019-12-5,1,23:00:00,LG전자 베스트샵 염리점,0,A,1000487
ChIJd9Wi8aKYfDUR5vwJjdfz6Mo,2019-12-5,1,23:00:00,파리바게뜨 마포염리パリバゲット,0,A,1000487
ChIJyV1j9KKYfDURVf1uokKkqOM,2019-12-5,1,23:00:00,퍼넬스페셜티커피하우스 Funnel Specialty Coffee House,0,A,1000487
ChIJeTw3TKaYfDURxo3u6v2Q7GA,2019-12-5,1,23:00:00,해브어코믹스데이,0,A,1000462
ChIJMcr3LjSZfDURiWXOU9Sexeg,2019-12-5,1,23:00:00,설빙마포공덕점,0,A,1000462
ChIJe1ONC6aYfDUR6IUAfWMCG44,2019-12-5,1,23:00:00,"Fritz Coffee Company, Dohwa",0,A,1000462
ChIJ6fk4u8iYfDUR2Aq2fZijLOM,2019-12-5,1,23:00:00,(주)아이몰피엠지,0,A,1000463
ChIJUYcmI9mYfDUR_uIVI8E32Kc,2019-12-5,1,23:00:00,홍산수족관,0,A,1000466
ChIJl_3DHtyYfDURfKn4Xdq7a94,2019-12-5,1,23:00:00,대우 하나로마트,0,A,1000466
ChIJlX9Brd2ifDURcLKsQEjDbsY,2019-12-5,1,23:00:00,Vintage Bonnie 빈티지보니,0,A,1000001
ChIJEdQ5cjaifDURNWyngSPZToU,2019-12-5,1,23:00:00,Adell,0,A,1000051
ChIJh62qFzaifDURCkhVAKc6eiI,2019-12-5,1,23:00:00,Emack & Bolio's Itaewon,0,A,1000052
ChIJ9VwrLkiifDURFEuXTXpM0uQ,2019-12-5,1,23:00:00,Mafia Dessert,0,A,1000053
ChIJ9-3NAvW7fDURzdulXrcaRIs,2019-12-5,1,23:00:00,세기할인마트,0,A,1000204
ChIJEfOMKau7fDUR-068JWSm51s,2019-12-5,1,23:00:00,세븐일레븐 상봉점,0,A,1000230
ChIJK-fq-w-hfDURJ78fSJVhRHo,2019-12-5,1,23:00:00,Maison Jo,0,A,1000861
ChIJbTARluCifDURPW5-RMzJneM,2019-12-5,1,23:00:00,신세기모터테크,0,A,1000017
ChIJIxYQ3q-8fDURvWKoWWENnlE,2019-12-5,1,23:00:00,Tom N Toms Coffee,0,A,1000292
ChIJ29Y7-6-8fDURRPo5BAlNaSQ,2019-12-5,1,23:00:00,Starbucks,0,A,1000292
ChIJoW1vq7q8fDURYykGbN5cjAY,2019-12-5,1,23:00:00,펀비어킹 안암 고대점,0,A,1000292
ChIJzzGCd8q-fDURS-o2jLbmsSw,2019-12-5,1,23:00:00,명동안경,0,A,1000372
ChIJi9lrGUqifDURe7qQoJ2-5kQ,2019-12-5,1,23:00:00,Itaewon Nike Jordan Basketball,0,A,1000070
ChIJq61MFkqifDURKVe0J4zvhWw,2019-12-5,1,23:00:00,쌤소나이트,0,A,1000070
ChIJkcUSH0qifDUR_bGjB9ix3Bc,2019-12-5,1,23:00:00,젤라띠젤라띠 이태원점 Gelati Gelati,0,A,1000070
ChIJn-8jV0qifDURbUHEp_toTWA,2019-12-5,1,23:00:00,프란시스,0,A,1000070
ChIJ5ZtFzbOjfDUR-uf9wnMZmC0,2019-12-5,1,23:00:00,RamShackle,0,A,1000071
ChIJGXq8u5KjfDURfWliI45NPeo,2019-12-5,1,23:00:00,collagEコラージュ,0,A,1000071
ChIJ8fEpF7ejfDURkOywKGQ_zhk,2019-12-5,1,23:00:00,collagEコラージュ,0,A,1000071
